CustomerID,Age,Gender,ServiceLength,ContractType,MonthlyCharges,TotalCharges,Churn
1001,1.1711750498864488,1,-1.6380415877546386,0,-0.7517239452594466,-0.3553981512426435,1
1002,-1.156337159551284,1,0.8616948661983744,0,1.548105335024663,1.3947851448542103,1
1003,0.9529707802516615,0,-1.5785240531367097,2,-1.4504062582571509,-0.5082991706090896,1
1004,0.5892969975270157,1,0.38555458925494335,2,0.8785347850685298,1.3926516422583994,0
1005,-0.7199286202817089,0,0.5045896584908012,1,1.227875941567382,-1.7443083411155227,1
1006,1.4621140760661655,0,-0.44769089539606094,1,-1.2175121539245828,-0.5282118615033243,0
1007,-1.3018066726411421,1,-0.2691382915422743,2,-0.46060631484373654,0.2213587171582295,0
1008,-1.5927456988208588,0,0.3260370546370145,2,1.664552387190947,1.8975805899336398,1
1009,0.8075012671618031,0,1.4568702123776631,0,0.5291936285696777,0.32447800928908843,1
1010,1.5348488326110947,1,-1.5785240531367097,0,-0.9263945235088726,-0.09653316961759079,1
1011,-0.7199286202817089,1,-0.2691382915422743,1,-0.08215339530331346,0.34296836511944934,1
1012,-0.06531581137734661,0,-0.923831172339492,0,-0.7808357083010177,-1.366678381656998,1
1013,0.734766510616874,1,-1.1023837761932787,1,-0.37327102571902354,-0.20960880719556713,1
1014,1.3893793195212363,0,1.4568702123776631,2,-0.9263945235088726,-1.5956743269406986,0
1015,0.08015370171251168,0,-1.4594889839008518,2,1.606328861107805,1.5220841330709258,0
1016,-0.7926633768266381,0,-0.20962075692434542,0,-0.08215339530331346,-0.9499342079419405,0
1017,-1.156337159551284,1,1.09976500467009,0,0.20896423511239662,-0.25156769157984765,0
1018,0.9529707802516615,0,-0.32865582616020317,2,-1.2757356800077249,1.1864130579966816,0
1019,-1.3745414291860714,1,1.5759052816135208,2,-1.2175121539245828,-0.8503707534707664,0
1020,1.0257055367965906,1,-0.2691382915422743,1,0.44185833944496467,0.9446160971381159,0
1021,0.8075012671618031,1,0.8616948661983744,0,-1.3630709691324379,1.3457145851505603,0
1022,1.243909806431378,0,-1.2809363800470652,1,-0.16948868442802648,-0.8610382664498207,0
1023,-1.738215211910717,0,0.20700198540115672,2,0.09251718294611258,-1.162573299991091,0
1024,1.1711750498864488,1,-1.1619013108112075,1,1.053205363317956,-0.841125575555586,1
1025,1.0257055367965906,0,0.14748445078322786,2,-1.3630709691324379,0.33230085214039495,0
1026,-0.6471938637367798,1,-0.8047961031036343,0,-1.4795180212987218,-1.283471780420374,0
1027,-1.4472761857310004,1,-1.2214188454291364,0,-0.023929869220171446,1.4203871760039408,1
1028,-0.5744591071918507,0,-0.923831172339492,0,1.0240936002763847,-0.6107072952080115,0
1029,0.08015370171251168,0,-0.031068153070558782,0,-0.11126515834488447,-1.077233196158656,1
1030,-0.7199286202817089,1,-0.44769089539606094,2,0.4127465764033937,1.4445668720897975,1
1031,0.9529707802516615,1,-1.6975591223725675,2,0.8494230220269587,-1.4392174699145677,1
1032,-1.4472761857310004,1,1.5759052816135208,1,-1.5086297843402927,1.2127262566783492,1
1033,-0.5017243506469216,0,-0.923831172339492,0,-1.3048474430492958,1.5441303265609716,0
1034,-0.6471938637367798,0,1.3378351431418054,1,-1.0719533387167277,-1.2329788856528499,1
1035,1.3166445629763073,0,-0.3881733607781321,1,-0.2568239735527395,0.9382155893506833,1
1036,1.3893793195212363,1,-1.5190065185187807,1,0.9367583111516717,0.1943343509446251,1
1037,-0.6471938637367798,1,-0.9833487069574208,0,-0.11126515834488447,-0.9655798936445537,0
1038,-0.9381328899164963,0,0.028449381547370096,2,1.46077004589995,-1.3432098531030783,0
1039,0.8075012671618031,1,-1.5190065185187807,0,0.23807599815396763,-1.6966601164757467,1
1040,-0.6471938637367798,1,-0.15010322230641654,1,0.00518189382139956,-0.5367458718865679,0
1041,-1.5200109422759296,1,-0.2691382915422743,2,-0.3441592626774525,-0.23734434094110848,0
1042,-0.42898959410199233,0,0.9212124008163033,0,1.140540652442669,1.4552343850688518,0
1043,-1.0836024030063547,1,-0.6262434992498476,2,-1.5668533104234348,1.5917785512007478,1
1044,1.680318345700953,0,-1.5190065185187807,2,0.38363481336182265,0.99510899190564,1
1045,-1.5200109422759296,1,1.516387746995592,2,-1.5377415473818639,1.6842303303525523,1
1046,1.3893793195212363,1,-0.20962075692434542,2,1.722775913274089,1.536307483709665,1
1047,0.9529707802516615,1,0.6236247277266589,2,-0.2277122105111685,1.6180917498824152,0
1048,-0.5744591071918507,1,0.8021773315804456,0,-0.6061651300515916,-0.3916676953714284,0
1049,0.08015370171251168,1,0.8021773315804456,0,-0.6643886561347336,0.8813221867957266,0
1050,-1.4472761857310004,1,0.028449381547370096,0,0.3254112872786806,-1.1995540116518129,1
1051,0.734766510616874,1,0.20700198540115672,1,-1.3048474430492958,0.25122775349958176,1
1052,-0.6471938637367798,0,-0.6262434992498476,2,-0.14037692138645547,1.382695296811282,0
1053,1.0984402933415198,1,0.8021773315804456,0,-0.6643886561347336,-1.178930153225641,1
1054,-0.5744591071918507,1,1.63542281623145,2,0.9949818372348138,1.4410110344301126,1
1055,-0.5017243506469216,0,0.56410719310873,2,0.8785347850685298,0.21495820937079688,1
1056,1.3893793195212363,0,0.20700198540115672,1,-0.8390592343841596,-1.486154527022407,1
1057,1.1711750498864488,0,1.4568702123776631,1,-1.6250768365065769,-1.7613763618820097,0
1058,-1.156337159551284,0,-1.1023837761932787,0,-0.14037692138645547,1.4317658565149323,0
1059,0.8075012671618031,1,-1.2809363800470652,2,1.722775913274089,-0.9136646638131557,1
1060,-0.06531581137734661,1,-0.09058568768848767,2,-1.6250768365065769,0.013697797832637727,0
1061,-1.5927456988208588,0,-0.923831172339492,0,-0.8681709974257307,-1.1831971584172627,0
1062,0.8075012671618031,0,0.6236247277266589,0,-1.2175121539245828,-0.4030463758824197,1
1063,-0.9381328899164963,0,-1.6380415877546386,2,0.9658700741932428,0.15308663409228151,0
1064,1.3166445629763073,1,-0.6857610338677764,2,1.140540652442669,-1.1526169545439735,0
1065,-1.5927456988208588,0,-0.8643136377215631,2,1.2569877046089528,0.8991013750941506,0
1066,-0.3562548375570632,1,-0.8643136377215631,2,0.6747524437775327,-0.6569331847839138,0
1067,-0.2107853244672049,0,1.5759052816135208,2,1.0823171263595268,-0.15627124230029527,0
1068,1.243909806431378,0,0.8616948661983744,0,-0.5479416039684496,-1.621276358090429,1
1069,-0.5744591071918507,1,0.5045896584908012,1,-1.6541885995481478,-1.1504834519481628,0
1070,-0.13805056792227577,0,-0.09058568768848767,0,0.12162894598768359,-1.1085245675638822,0
1071,0.8802360237067324,1,-0.7452785684857053,2,0.8494230220269587,0.7582902037706328,1
1072,0.6620317540719449,1,-0.32865582616020317,1,-1.5377415473818639,0.14099678604935323,0
1073,1.3166445629763073,1,1.0402474700521611,1,0.09251718294611258,0.01938713808813339,0
1074,-0.28352008101213405,0,0.9212124008163033,1,0.2671877611955386,-1.040963652029871,1
1075,0.15288845825744082,0,0.8616948661983744,0,1.577217098066234,-0.7685864872980162,0
1076,0.08015370171251168,1,-0.5667259646319187,1,-1.0137298126335856,0.722020659641848,0
1077,0.3710927278922283,0,-0.031068153070558782,0,-0.9846180495920147,1.1956582359118622,0
1078,1.680318345700953,1,0.8021773315804456,2,-0.7226121822178756,1.2205490995296557,0
1079,-1.3745414291860714,1,0.8616948661983744,1,-0.9555062865504437,-0.6220859757190028,1
1080,-1.6654804553657878,1,-0.8047961031036343,1,0.5000818655281066,-1.3581443712737544,0
1081,0.15288845825744082,1,0.9807299354342321,0,-0.3441592626774525,1.0975171165045619,0
1082,-0.6471938637367798,1,0.7426597969625166,0,-1.770635651714432,-1.1611509649272171,0
1083,-0.7199286202817089,1,1.3378351431418054,0,0.1507407090292546,0.9239922387119441,1
1084,0.8075012671618031,1,1.7544578854673076,2,-0.08215339530331346,-1.0054052754330232,0
1085,1.3166445629763073,0,1.1592825392880188,1,0.5000818655281066,1.1586775242511402,0
1086,0.8075012671618031,0,1.6949403508493788,2,0.9949818372348138,0.9830191438627116,0
1087,-0.5744591071918507,1,1.4568702123776631,0,-0.7517239452594466,1.2546851410626296,0
1088,1.1711750498864488,1,-0.6857610338677764,1,-1.5086297843402927,-0.11786819557569952,1
1089,-0.5017243506469216,0,-0.5072084300139899,0,-1.4795180212987218,-0.976247406623608,1
1090,-0.7199286202817089,0,0.9212124008163033,2,0.8494230220269587,-0.5360347043546309,1
1091,0.15288845825744082,0,-0.44769089539606094,0,-0.05304163226174245,0.6402363934690978,1
1092,-0.7926633768266381,0,-0.2691382915422743,0,0.8203112589853878,-1.6682134151982682,0
1093,0.4438274844371574,1,-0.3881733607781321,1,1.0240936002763847,0.48946887669846273,0
1094,0.734766510616874,1,0.14748445078322786,2,-0.7808357083010177,0.7568678687067589,0
1095,-1.6654804553657878,0,-0.44769089539606094,0,0.7329759698606747,0.5733866454670238,1
1096,0.3710927278922283,1,0.6236247277266589,0,-1.683300362589719,0.5129374052523823,1
1097,-1.3745414291860714,0,-1.2214188454291364,1,-1.1010651017582986,-1.4897103646820917,0
1098,0.007418945167582538,0,-0.923831172339492,1,-0.5770533670100206,0.1836668379655707,0
1099,-0.5017243506469216,0,-0.7452785684857053,2,-0.023929869220171446,-1.6696357502621422,1
1100,-0.13805056792227577,1,0.7426597969625166,2,1.1114288894010977,-1.5480261023009223,1
1101,-0.6471938637367798,1,1.4568702123776631,2,0.5291936285696777,-0.8944631404508578,1
1102,-1.156337159551284,0,0.8021773315804456,2,0.3254112872786806,-0.5125661758007113,0
1103,1.4621140760661655,0,1.2188000739059477,1,-1.1592886278414407,-1.114925075351315,1
1104,-0.3562548375570632,1,0.5045896584908012,2,1.664552387190947,0.03503282379074647,0
1105,0.08015370171251168,1,-1.4594889839008518,0,0.7911994959438168,-0.3674879992855718,1
1106,1.4621140760661655,0,1.516387746995592,0,0.44185833944496467,-1.077233196158656,1
1107,-0.13805056792227577,0,0.8021773315804456,1,-1.5377415473818639,1.165078032038573,0
1108,-1.738215211910717,0,1.3973526777597343,1,-1.3921827321740088,0.7433556855999568,0
1109,1.1711750498864488,0,0.9807299354342321,2,-0.16948868442802648,-0.7564966392550879,0
1110,1.0984402933415198,0,0.028449381547370096,1,1.286099467650524,1.6692958121818762,0
1111,-0.28352008101213405,1,1.4568702123776631,2,-0.7517239452594466,0.8436303076030679,1
1112,0.3710927278922283,0,-0.44769089539606094,2,0.06340541990454157,0.11112774970800099,1
1113,0.5165622409820866,1,-0.3881733607781321,1,-0.5188298409268786,-0.15342657217254743,0
1114,0.8075012671618031,1,0.26651952001908563,2,-1.4795180212987218,-0.3760220096688153,0
1115,0.5165622409820866,1,0.9212124008163033,1,0.6165289176943907,1.07689325807839,0
1116,-1.6654804553657878,1,-0.6262434992498476,2,-0.2859357365943105,-0.364643329157824,0
1117,1.3166445629763073,0,0.08796691616529898,0,0.1798524720708256,0.22064754962629254,0
1118,1.680318345700953,0,-0.3881733607781321,0,-0.08215339530331346,-0.20391946694007146,0
1119,-0.5744591071918507,1,-1.2809363800470652,0,-1.0719533387167277,0.05565668221691825,1
1120,1.680318345700953,1,-0.9833487069574208,2,0.9658700741932428,1.0384902113537944,0
1121,1.6075835891560237,0,-1.340453914664994,2,-0.6935004191763046,-0.4570951083096286,0
1122,-0.9381328899164963,0,-1.6975591223725675,0,0.20896423511239662,-1.0452306572214929,0
1123,-1.5927456988208588,1,0.38555458925494335,1,0.8203112589853878,-1.046652992285367,0
1124,-1.3018066726411421,1,0.44507212387287226,1,-0.023929869220171446,1.0064876724166312,0
1125,-0.2107853244672049,1,-1.5190065185187807,1,1.722775913274089,1.0007983321611356,1
1126,-1.4472761857310004,0,0.14748445078322786,2,0.35452305032025166,-1.4697976737878569,1
1127,-1.0836024030063547,0,-1.399971449282923,2,-1.3339592060908667,1.468746568175654,0
1128,1.0257055367965906,1,1.2188000739059477,0,-0.37327102571902354,0.8422079725391939,0
1129,-0.3562548375570632,0,-0.5667259646319187,0,0.5291936285696777,-1.4313946270632611,1
1130,-0.7926633768266381,1,-0.7452785684857053,0,-1.4795180212987218,-0.8674387742372534,1
1131,-0.9381328899164963,1,-1.1023837761932787,2,-0.2568239735527395,0.8422079725391939,0
1132,-0.42898959410199233,1,-0.8643136377215631,1,0.8494230220269587,-0.13493621634218653,0
1133,-1.4472761857310004,1,1.8139754200852365,1,1.140540652442669,1.6536501264792631,1
1134,0.22562321480237,1,0.3260370546370145,2,0.6165289176943907,-0.9143758313450926,0
1135,-1.0836024030063547,1,-1.5190065185187807,2,1.1696524154842398,0.009430792641015978,0
1136,0.29835797134729913,1,0.028449381547370096,0,-0.6643886561347336,0.5627191324879693,0
1137,0.5892969975270157,0,-0.031068153070558782,2,0.44185833944496467,-1.5501596048967332,0
1138,1.680318345700953,0,0.56410719310873,1,-1.683300362589719,-1.250046906419337,1
1139,1.3893793195212363,1,1.1592825392880188,0,1.286099467650524,-0.21245347732331496,1
1140,-0.9381328899164963,0,0.26651952001908563,0,-0.14037692138645547,-0.16196058255579093,1
1141,0.9529707802516615,0,0.6831422623445877,1,-1.4504062582571509,0.9559947776491072,0
1142,0.15288845825744082,0,-0.5072084300139899,0,-1.3921827321740088,-0.8453925807472077,0
1143,0.15288845825744082,0,-0.6262434992498476,0,1.722775913274089,0.5506292844450411,1
1144,0.3710927278922283,1,-0.5072084300139899,1,-0.5770533670100206,-1.1071022325000082,0
1145,0.5892969975270157,1,0.8021773315804456,0,-0.05304163226174245,0.6253018752984217,1
1146,-0.8653981333715672,0,0.6236247277266589,1,0.5583053916112487,0.7931374128355438,1
1147,-0.7926633768266381,0,0.38555458925494335,2,1.664552387190947,-0.10435601246889732,0
1148,1.4621140760661655,0,-1.2809363800470652,2,0.5583053916112487,-0.3881118577117436,1
1149,-0.3562548375570632,1,0.38555458925494335,1,-1.4504062582571509,-0.47345196154417857,1
1150,0.3710927278922283,1,0.7426597969625166,2,0.06340541990454157,-0.08230981897885162,0
1151,0.15288845825744082,0,0.08796691616529898,2,-0.08215339530331346,1.4289211863871845,1
1152,0.007418945167582538,1,1.7544578854673076,0,0.12162894598768359,-0.9869149196026623,1
1153,-0.5017243506469216,0,-0.44769089539606094,0,-0.7808357083010177,-1.7670657021375054,0
1154,1.6075835891560237,0,1.4568702123776631,0,0.38363481336182265,1.0704927502909576,1
1155,0.29835797134729913,0,-0.3881733607781321,1,0.2671877611955386,1.3834064643432191,0
1156,0.3710927278922283,0,1.5759052816135208,2,0.8203112589853878,-0.3909565278394914,0
1157,-0.7199286202817089,0,-1.5785240531367097,1,0.9949818372348138,0.9730627984155942,0
1158,0.007418945167582538,1,0.14748445078322786,2,-1.3048474430492958,1.143743006080464,0
1159,-1.3018066726411421,0,-1.340453914664994,0,1.606328861107805,0.8798998517318527,1
1160,1.6075835891560237,1,-0.15010322230641654,0,-1.2175121539245828,-1.3467656907627632,0
1161,-0.5744591071918507,0,0.6236247277266589,0,-0.3150474996358815,-1.3147631518256,0
1162,1.3893793195212363,0,-0.5072084300139899,0,0.8785347850685298,1.0605364048438402,1
1163,1.0984402933415198,1,-0.8047961031036343,0,0.7620877329022457,-0.1079118501285821,1
1164,1.680318345700953,1,-0.09058568768848767,2,1.053205363317956,-1.196709341524065,0
1165,-1.0108676464614255,0,1.6949403508493788,2,-1.6250768365065769,0.1075719120483162,1
1166,-0.42898959410199233,0,-0.32865582616020317,1,-1.2466239169661537,-0.3596651564342653,0
1167,0.8802360237067324,1,-1.1023837761932787,2,-1.4795180212987218,0.44608765725030824,1
1168,0.5165622409820866,1,-0.8643136377215631,1,0.5874171546528197,-0.30277175387930866,0
1169,-0.5744591071918507,1,1.6949403508493788,1,1.577217098066234,-0.10648951506470819,1
1170,-1.4472761857310004,0,-0.3881733607781321,0,-0.6643886561347336,0.6893069531727479,0
1171,0.3710927278922283,0,-0.9833487069574208,1,1.402546519816808,1.0328008710982988,1
1172,-0.6471938637367798,0,0.44507212387287226,1,0.35452305032025166,-0.058841290424932004,0
1173,-1.6654804553657878,0,-0.6857610338677764,2,0.3254112872786806,-1.4968220400014614,0
1174,-0.42898959410199233,1,0.56410719310873,1,-0.9555062865504437,-0.6747123730823378,0
1175,1.3893793195212363,1,0.6831422623445877,2,1.577217098066234,-1.553004275024481,0
1176,0.29835797134729913,1,0.5045896584908012,1,0.9367583111516717,-1.0167839559440146,1
1177,-0.42898959410199233,0,1.09976500467009,1,-1.1301768647998698,-0.6128407978038224,1
1178,0.734766510616874,0,0.26651952001908563,0,1.606328861107805,-0.194674289024891,1
1179,-0.5744591071918507,0,1.3378351431418054,1,0.9949818372348138,0.1907785132849403,1
1180,0.3710927278922283,1,-1.1619013108112075,2,1.4316582828583788,0.5328500961466172,0
1181,-1.3745414291860714,0,-1.6975591223725675,1,0.20896423511239662,-1.06229867798798,0
1182,-0.06531581137734661,0,0.5045896584908012,1,1.286099467650524,0.38208257937598206,1
1183,1.3893793195212363,1,0.08796691616529898,2,0.5291936285696777,1.4886592590698888,0
1184,1.0984402933415198,1,0.7426597969625166,2,0.5874171546528197,0.9225699036480702,0
1185,1.243909806431378,0,-1.2809363800470652,2,-1.6250768365065769,-1.5658052905993463,0
1186,0.5165622409820866,1,-1.340453914664994,2,1.518993571983092,1.349270422810245,1
1187,0.007418945167582538,0,-0.32865582616020317,0,0.9949818372348138,1.364916108512858,0
1188,0.9529707802516615,1,1.63542281623145,1,0.6456406807359617,-1.2052433519073085,0
1189,1.0984402933415198,0,-0.6857610338677764,2,0.7911994959438168,0.3763932391204864,1
1190,0.29835797134729913,0,-0.8047961031036343,1,-1.4212944952155797,0.3579028832901255,0
1191,-1.5200109422759296,0,-0.6857610338677764,2,-1.3339592060908667,-1.5615382854077244,1
1192,1.3166445629763073,1,0.7426597969625166,0,0.44185833944496467,-1.6582570697511507,1
1193,-0.2107853244672049,1,-1.2214188454291364,0,-1.0137298126335856,-1.382324067359611,1
1194,0.9529707802516615,1,1.3973526777597343,2,-0.5479416039684496,-0.9229098417283361,1
1195,-0.5017243506469216,1,-1.2214188454291364,0,-0.8390592343841596,-0.7657418171702683,1
1196,1.3166445629763073,1,-1.2214188454291364,2,-0.46060631484373654,-0.39593470056305013,0
1197,-1.6654804553657878,1,-0.7452785684857053,2,-1.3048474430492958,0.6701054298104501,1
1198,1.680318345700953,1,0.08796691616529898,1,1.1114288894010977,0.3266115118848993,1
1199,0.29835797134729913,1,0.6236247277266589,2,0.9367583111516717,1.2553963085945665,0
1200,0.3710927278922283,1,-1.5190065185187807,1,1.373434756775237,0.5577409597644107,0
1201,1.3893793195212363,1,0.14748445078322786,0,1.606328861107805,0.8016714232187874,1
1202,-1.3745414291860714,0,0.56410719310873,2,-1.5377415473818639,-1.0473641598173038,0
1203,1.0984402933415198,0,-0.2691382915422743,0,0.1798524720708256,-0.06453063068042766,0
1204,0.5892969975270157,0,-1.340453914664994,0,-1.3630709691324379,1.4296323539191214,1
1205,0.22562321480237,0,1.63542281623145,2,-0.2568239735527395,0.1922008483488142,0
1206,0.08015370171251168,0,1.0402474700521611,2,-0.6061651300515916,0.7042414713434241,0
1207,1.3166445629763073,0,-0.32865582616020317,2,0.7620877329022457,0.9808856412669008,1
1208,-1.3745414291860714,1,-1.399971449282923,1,-1.4212944952155797,0.3884830871634147,1
1209,0.8075012671618031,1,0.5045896584908012,0,0.29629952423710965,0.1381521159216054,1
1210,0.15288845825744082,0,1.5759052816135208,0,1.722775913274089,0.6814841103214414,1
1211,-0.42898959410199233,0,-0.3881733607781321,2,0.35452305032025166,1.1736120424218164,1
1212,-1.0836024030063547,0,-0.8643136377215631,2,-0.4897180778853076,1.4580790551965996,0
1213,-1.229071916096213,0,0.44507212387287226,2,1.227875941567382,0.7177536544502263,1
1214,1.0257055367965906,0,-1.6380415877546386,2,-0.7808357083010177,0.017964803024259474,0
1215,-0.13805056792227577,1,-1.0428662415753498,2,0.3254112872786806,0.552762787040852,1
1216,-1.0836024030063547,1,-1.399971449282923,0,0.1798524720708256,-0.5289230290352613,0
1217,0.15288845825744082,0,-0.44769089539606094,2,-0.4023827887605945,0.0328993211949356,0
1218,0.8802360237067324,1,1.63542281623145,2,-1.2175121539245828,-0.8653052716414426,1
1219,1.3893793195212363,1,-0.6857610338677764,1,0.6747524437775327,0.687884618108874,0
1220,1.0257055367965906,0,-0.15010322230641654,1,-0.9846180495920147,1.2027699112312318,1
1221,-0.13805056792227577,0,-1.2809363800470652,1,0.7329759698606747,1.672851649841561,0
1222,0.6620317540719449,0,-1.5785240531367097,2,-0.3150474996358815,-1.4633971660004244,1
1223,-0.7926633768266381,0,-0.923831172339492,2,1.053205363317956,-0.2935265759641282,0
1224,-0.28352008101213405,1,-1.6975591223725675,1,0.9949818372348138,0.7262876648334697,1
1225,-1.156337159551284,0,0.3260370546370145,0,-0.9263945235088726,1.1323643255694729,0
1226,-1.4472761857310004,0,1.5759052816135208,0,-1.6250768365065769,0.7590013713025698,1
1227,0.3710927278922283,1,1.5759052816135208,1,0.35452305032025166,0.7184648219821632,0
1228,1.5348488326110947,0,-0.6262434992498476,2,-0.2859357365943105,-1.6611017398788988,0
1229,-1.0108676464614255,0,1.4568702123776631,0,1.635440624149376,0.32590034435296233,1
1230,0.22562321480237,1,-0.8047961031036343,1,0.4127465764033937,0.5506292844450411,1
1231,0.08015370171251168,0,1.09976500467009,1,-0.9555062865504437,0.15806480681584023,1
1232,-1.4472761857310004,1,0.26651952001908563,0,-1.0719533387167277,1.5277734733264217,0
1233,1.6075835891560237,1,-0.8047961031036343,2,-1.2466239169661537,-0.2913930733683173,1
1234,-0.9381328899164963,1,1.1592825392880188,0,-1.5086297843402927,-0.7500961314676553,0
1235,0.3710927278922283,0,0.8616948661983744,0,0.6165289176943907,0.10046023672894662,0
1236,-1.0836024030063547,0,-1.4594889839008518,1,-0.14037692138645547,-0.018304741104525388,0
1237,0.9529707802516615,1,-0.3881733607781321,0,-1.5086297843402927,0.025787645875566013,0
1238,0.29835797134729913,1,-1.5190065185187807,1,1.315211230692095,-0.11004535272439299,1
1239,1.243909806431378,1,0.6236247277266589,0,0.09251718294611258,0.4574663377612996,0
1240,0.9529707802516615,1,-0.031068153070558782,0,0.6456406807359617,-0.6853798860613921,0
1241,1.0257055367965906,0,0.20700198540115672,2,-1.5668533104234348,0.8422079725391939,1
1242,-0.2107853244672049,1,0.20700198540115672,0,-1.1301768647998698,-1.554426610088355,1
1243,1.5348488326110947,0,-0.031068153070558782,0,0.1507407090292546,-0.8574824287901359,0
1244,-0.06531581137734661,0,-0.2691382915422743,1,1.1114288894010977,0.18864501068912942,1
1245,1.1711750498864488,0,-1.4594889839008518,1,-1.4212944952155797,1.468035400643717,0
1246,-0.42898959410199233,0,1.0402474700521611,0,1.606328861107805,-0.9065529884937861,0
1247,-1.3745414291860714,1,1.7544578854673076,1,-0.6352768930931626,0.5008475572094541,1
1248,1.0257055367965906,1,-0.5667259646319187,0,-0.37327102571902354,0.13104044060223582,1
1249,1.3166445629763073,1,0.7426597969625166,0,-0.19860044746959749,1.1800125502092491,0
1250,-1.6654804553657878,0,-0.5667259646319187,2,-0.9846180495920147,0.20855770158336426,0
1251,-0.8653981333715672,1,-1.2214188454291364,2,-1.5086297843402927,-0.058841290424932004,1
1252,0.5892969975270157,1,0.8021773315804456,1,1.489881808941521,-1.0189174585398255,0
1253,-1.0836024030063547,1,-1.0428662415753498,0,1.0823171263595268,-0.8176570470016663,0
1254,-1.5927456988208588,0,-0.32865582616020317,0,0.9076465481101008,-0.398779370690798,0
1255,1.0984402933415198,0,1.1592825392880188,0,1.140540652442669,0.8329627946240135,1
1256,0.734766510616874,1,-0.5667259646319187,1,1.577217098066234,-0.6519550120603551,0
1257,1.3893793195212363,0,0.028449381547370096,1,1.1114288894010977,0.4425318195906235,0
1258,-1.0108676464614255,1,1.3378351431418054,0,-1.2757356800077249,-0.32552911490129127,1
1259,1.243909806431378,0,1.5759052816135208,1,0.2671877611955386,-1.1846194934811367,1
1260,-0.42898959410199233,1,1.1592825392880188,2,-0.7808357083010177,0.8350962972198244,1
1261,0.22562321480237,1,1.7544578854673076,2,1.2569877046089528,0.8457638101988787,0
1262,-1.6654804553657878,0,-1.5190065185187807,1,0.09251718294611258,0.3963059300147212,1
1263,0.007418945167582538,1,-0.32865582616020317,2,-1.683300362589719,0.07414703804727917,1
1264,1.5348488326110947,0,1.2783176085238765,2,-1.2757356800077249,-1.5594047828119135,0
1265,0.4438274844371574,1,1.1592825392880188,0,-0.023929869220171446,0.8308292920282027,1
1266,-1.3745414291860714,1,-0.7452785684857053,2,1.315211230692095,-0.9115311612173448,0
1267,-1.229071916096213,0,-0.8047961031036343,1,-1.3339592060908667,-1.503933715320831,1
1268,0.15288845825744082,0,-1.4594889839008518,2,1.3443229937336658,1.129519655441725,1
1269,1.1711750498864488,1,0.9807299354342321,2,-0.6935004191763046,0.7184648219821632,1
1270,1.0984402933415198,0,-0.8047961031036343,0,-0.2277122105111685,-0.6910692263168877,1
1271,0.6620317540719449,0,-1.4594889839008518,0,0.23807599815396763,1.1736120424218164,1
1272,0.007418945167582538,0,-1.5785240531367097,0,-0.3441592626774525,0.3927500923550364,0
1273,1.680318345700953,1,-0.3881733607781321,2,-0.4897180778853076,-0.37744434473268923,1
1274,0.9529707802516615,0,-1.2214188454291364,2,-0.46060631484373654,1.3983409825138953,0
1275,1.243909806431378,1,1.4568702123776631,0,-0.05304163226174245,1.0057765048846943,1
1276,-1.156337159551284,1,0.9807299354342321,1,-1.6541885995481478,-0.07306464106367117,1
1277,-1.5927456988208588,1,1.63542281623145,2,-0.6061651300515916,0.0243653108116921,0
1278,0.734766510616874,0,-0.7452785684857053,2,1.0240936002763847,-0.6690230328268421,0
1279,-0.13805056792227577,1,1.5759052816135208,0,-0.5479416039684496,-0.19040728383326924,1
1280,-0.06531581137734661,0,1.63542281623145,1,0.9949818372348138,0.7796252297287416,0
1281,-0.2107853244672049,1,0.14748445078322786,0,0.06340541990454157,0.3579028832901255,0
1282,-1.3745414291860714,0,-1.399971449282923,1,0.4709701024865357,-0.7308946081053574,0
1283,-0.28352008101213405,1,-1.399971449282923,1,0.6747524437775327,-0.06026362548880592,0
1284,0.29835797134729913,0,-1.1023837761932787,0,-0.14037692138645547,0.2654511041383209,0
1285,-1.5927456988208588,0,0.6236247277266589,1,-0.7517239452594466,-1.4484626478297482,1
1286,1.3166445629763073,0,-0.32865582616020317,0,1.198764178525811,-0.8503707534707664,1
1287,-1.0836024030063547,0,-1.5785240531367097,2,-1.5377415473818639,-0.40731338107404147,0
1288,-0.06531581137734661,0,0.44507212387287226,2,0.4709701024865357,-0.8887738001953621,0
1289,-0.06531581137734661,0,-0.031068153070558782,2,0.35452305032025166,-0.9805144118152297,0
1290,0.08015370171251168,0,0.7426597969625166,1,-0.8681709974257307,-1.1213255831387474,1
1291,1.680318345700953,1,0.14748445078322786,0,-0.3441592626774525,1.4900815941337628,1
1292,-0.5744591071918507,0,0.9807299354342321,1,-0.9846180495920147,-0.11857936310763648,0
1293,-0.8653981333715672,1,-1.2214188454291364,2,-0.11126515834488447,-0.7764093301493228,0
1294,-1.3745414291860714,0,0.8021773315804456,1,0.8494230220269587,-1.4043702608496567,0
1295,-0.3562548375570632,1,0.9807299354342321,0,1.664552387190947,-0.7678753197660793,0
1296,0.5892969975270157,1,-1.2809363800470652,2,1.1696524154842398,-0.9734027364958602,1
1297,0.5165622409820866,1,-0.32865582616020317,0,0.35452305032025166,0.3671480612053059,0
1298,0.8075012671618031,1,0.6236247277266589,2,-1.5377415473818639,0.01938713808813339,0
1299,1.5348488326110947,0,0.26651952001908563,1,1.0823171263595268,0.603255681808376,1
1300,-1.156337159551284,0,0.7426597969625166,2,-0.11126515834488447,0.9318150815632507,0
1301,-1.156337159551284,1,1.2188000739059477,2,-0.16948868442802648,1.147298843740149,1
1302,-1.229071916096213,1,-0.5667259646319187,2,-1.1884003908830116,0.09761556660119879,1
1303,-0.13805056792227577,0,1.516387746995592,2,-0.8390592343841596,-0.6384428289535529,0
1304,-1.156337159551284,0,0.6236247277266589,0,-1.4504062582571509,1.145876508676275,1
1305,0.9529707802516615,1,-1.1023837761932787,0,0.5291936285696777,0.18437800549750769,1
1306,-1.6654804553657878,1,-1.5785240531367097,0,1.0823171263595268,1.5775552005620086,0
1307,1.243909806431378,1,1.2188000739059477,0,-0.2277122105111685,-1.605630672387816,0
1308,1.1711750498864488,0,0.7426597969625166,1,0.00518189382139956,-0.3553981512426435,0
1309,-0.3562548375570632,0,-1.4594889839008518,0,-1.5668533104234348,-0.8617494339817577,0
1310,0.15288845825744082,0,0.028449381547370096,2,-0.5188298409268786,-0.9456672027503188,0
1311,1.5348488326110947,0,1.0402474700521611,1,-0.2859357365943105,-1.0203397936036993,0
1312,0.5892969975270157,1,-0.5072084300139899,2,-0.05304163226174245,-1.0686991857754125,0
1313,0.29835797134729913,1,-1.1619013108112075,2,-1.595965073465006,-0.09155499689403207,0
1314,1.0984402933415198,0,-0.8047961031036343,2,1.2569877046089528,0.12535110034674016,0
1315,-0.8653981333715672,1,0.14748445078322786,0,-0.05304163226174245,1.1231191476542923,0
1316,0.5165622409820866,1,-1.399971449282923,1,0.09251718294611258,0.8813221867957266,1
1317,-0.7926633768266381,0,-1.5190065185187807,2,-0.7226121822178756,1.1010729541642468,0
1318,-0.42898959410199233,1,1.516387746995592,2,-0.16948868442802648,-1.0018494377733385,0
1319,1.6075835891560237,0,1.1592825392880188,1,-0.43149455180216556,-1.5188682334915071,0
1320,-1.5200109422759296,1,-0.32865582616020317,0,-0.7226121822178756,-1.3538773660821328,0
1321,0.5892969975270157,0,1.1592825392880188,0,-0.7517239452594466,-1.0900342117335213,1
1322,-1.3018066726411421,0,-0.32865582616020317,1,0.29629952423710965,0.34794653784300805,1
1323,-0.8653981333715672,0,0.20700198540115672,2,-1.6250768365065769,-1.5558489451522288,1
1324,1.5348488326110947,0,1.3378351431418054,1,0.1507407090292546,0.8798998517318527,1
1325,1.0257055367965906,1,-0.5072084300139899,0,-0.6061651300515916,-0.8354362353000903,0
1326,1.0984402933415198,0,0.5045896584908012,1,0.09251718294611258,1.1871242255286185,0
1327,1.5348488326110947,0,0.08796691616529898,2,-0.4023827887605945,0.14739729383678585,1
1328,0.15288845825744082,0,1.2783176085238765,0,1.46077004589995,-1.6269656983459246,0
1329,-0.5744591071918507,1,1.0402474700521611,2,0.38363481336182265,1.0164440178637486,1
1330,0.6620317540719449,0,-1.1619013108112075,0,-0.8681709974257307,-1.5985189970684464,1
1331,-0.8653981333715672,1,-0.031068153070558782,1,-0.2277122105111685,-0.9001524807063535,0
1332,1.4621140760661655,1,-0.15010322230641654,0,1.1114288894010977,0.9652399555642877,1
1333,1.5348488326110947,1,0.26651952001908563,2,0.29629952423710965,0.11112774970800099,0
1334,0.6620317540719449,0,-0.5072084300139899,2,-0.08215339530331346,1.3236683916605145,0
1335,0.734766510616874,0,0.8616948661983744,0,0.7620877329022457,-0.2423225136646672,0
1336,-0.8653981333715672,1,-0.6857610338677764,0,-0.6643886561347336,-0.47202962648030466,0
1337,-0.42898959410199233,1,0.9212124008163033,0,0.03429365686297057,0.06490186013209871,0
1338,-0.13805056792227577,0,-0.6262434992498476,2,0.35452305032025166,1.381984129279345,0
1339,0.08015370171251168,0,1.2188000739059477,2,-0.6935004191763046,-1.537358589321868,0
1340,1.5348488326110947,1,-0.3881733607781321,1,0.6456406807359617,-0.28854840324056946,0
1341,-0.7926633768266381,1,1.3973526777597343,0,-0.7808357083010177,1.4922150967295738,0
1342,-1.156337159551284,1,0.6236247277266589,0,0.4127465764033937,-0.3881118577117436,1
1343,-1.5200109422759296,1,0.6831422623445877,2,-1.595965073465006,-1.198842844119876,0
1344,-0.2107853244672049,0,-1.340453914664994,0,1.0823171263595268,-0.9812255793471667,1
1345,0.8075012671618031,1,-0.15010322230641654,0,1.693664150232518,0.9887084841182073,0
1346,1.243909806431378,1,1.1592825392880188,1,-0.5770533670100206,-0.11929053063957344,1
1347,-1.3745414291860714,1,0.3260370546370145,0,0.9076465481101008,-1.5650941230674094,1
1348,0.15288845825744082,1,1.8139754200852365,2,1.3443229937336658,0.5307165935508062,0
1349,-0.9381328899164963,0,1.63542281623145,2,-1.7415238886728608,-0.043906772254255884,1
1350,-0.2107853244672049,0,0.028449381547370096,0,0.23807599815396763,1.2724643293610536,0
1351,-1.156337159551284,0,-0.6857610338677764,2,1.227875941567382,-1.1263037558623061,0
1352,-1.0108676464614255,0,0.7426597969625166,1,0.8785347850685298,-0.6974697341043203,1
1353,1.680318345700953,0,1.2783176085238765,1,0.3254112872786806,-0.6569331847839138,1
1354,1.0984402933415198,0,1.3973526777597343,1,0.12162894598768359,0.128195770474488,1
1355,0.08015370171251168,1,-1.0428662415753498,2,0.00518189382139956,0.10259373932475749,1
1356,-1.738215211910717,0,-0.2691382915422743,2,-0.11126515834488447,-0.22667682796205413,0
1357,-0.3562548375570632,1,-0.7452785684857053,0,-0.43149455180216556,-0.40589104601016757,1
1358,1.3166445629763073,1,0.028449381547370096,1,-1.1884003908830116,0.5797871532544564,0
1359,1.4621140760661655,1,0.6831422623445877,1,-0.4023827887605945,-0.4954981550342243,1
1360,-1.156337159551284,0,-1.1619013108112075,1,0.9949818372348138,0.39417242741891034,0
1361,1.4621140760661655,0,1.1592825392880188,0,1.198764178525811,-0.5097215056729635,1
1362,1.3893793195212363,1,0.26651952001908563,1,0.1798524720708256,0.3251891768210254,1
1363,0.8802360237067324,1,-1.5190065185187807,0,1.577217098066234,1.1622333619108252,1
1364,0.8802360237067324,1,-1.1023837761932787,1,1.402546519816808,3.2708450941039064,0
1365,-1.229071916096213,1,0.9807299354342321,0,0.03429365686297057,-1.2528915765470847,0
1366,-1.5200109422759296,0,-1.2214188454291364,0,-0.2277122105111685,0.8791886841999158,1
1367,0.8075012671618031,0,0.8616948661983744,1,0.9076465481101008,-1.655412399623403,0
1368,-0.5744591071918507,1,1.09976500467009,2,0.38363481336182265,-1.3567220362098806,1
1369,0.22562321480237,0,0.9212124008163033,2,0.23807599815396763,-1.4313946270632611,1
1370,0.4438274844371574,1,-0.6262434992498476,1,-1.1010651017582986,-0.9933154273900949,0
1371,-0.06531581137734661,0,-0.031068153070558782,1,-0.37327102571902354,-1.3147631518256,1
1372,1.243909806431378,0,-1.2809363800470652,2,0.20896423511239662,0.5072480649968867,1
1373,1.6075835891560237,1,1.4568702123776631,2,1.0240936002763847,-1.6497230593679073,0
1374,0.3710927278922283,0,0.3260370546370145,1,1.286099467650524,-0.4442940927347633,1
1375,0.3710927278922283,0,-1.1619013108112075,1,-1.0719533387167277,-1.1248814207984321,1
1376,1.3166445629763073,0,0.6236247277266589,2,-0.8972827604673017,-0.5815494263985962,1
1377,-1.3018066726411421,1,-0.031068153070558782,0,0.7329759698606747,-1.4989555425972723,1
1378,1.680318345700953,1,-0.20962075692434542,1,-0.9263945235088726,1.3620714383851102,1
1379,-1.5200109422759296,1,0.20700198540115672,1,-0.9263945235088726,1.573999362902324,0
1380,0.8802360237067324,0,-0.8047961031036343,1,1.489881808941521,-0.9478007053461297,1
1381,0.15288845825744082,0,-0.6857610338677764,2,0.29629952423710965,1.6643176394583175,1
1382,1.1711750498864488,0,0.38555458925494335,1,-1.595965073465006,0.22420338728597733,0
1383,0.6620317540719449,0,0.9212124008163033,1,-0.2568239735527395,-0.9129534962812187,0
1384,0.007418945167582538,1,1.1592825392880188,0,-0.023929869220171446,-0.3781555122646262,1
1385,-0.3562548375570632,1,1.3378351431418054,1,1.635440624149376,-1.4463291452339373,0
1386,0.15288845825744082,1,-0.2691382915422743,2,-0.8390592343841596,-0.5979062796331462,0
1387,1.243909806431378,1,1.8139754200852365,1,1.373434756775237,0.3792379092482342,1
1388,0.734766510616874,1,-1.5190065185187807,1,-0.37327102571902354,-1.5522931074925441,1
1389,-0.8653981333715672,1,0.08796691616529898,2,1.46077004589995,0.15735363928390328,0
1390,-1.738215211910717,1,1.8139754200852365,2,0.9658700741932428,-1.0985682221167647,0
1391,-0.6471938637367798,1,-0.20962075692434542,2,0.2671877611955386,0.09121505881376617,0
1392,0.007418945167582538,0,0.3260370546370145,0,-0.46060631484373654,0.014408965364574686,0
1393,-0.06531581137734661,0,0.028449381547370096,2,1.198764178525811,0.9531501075213594,0
1394,-0.7926633768266381,0,-0.5072084300139899,1,-1.6250768365065769,1.0328008710982988,1
1395,1.680318345700953,1,-1.6380415877546386,1,0.2671877611955386,1.6202252524782261,0
1396,-0.42898959410199233,1,-0.9833487069574208,1,-0.9263945235088726,0.4304419715476952,1
1397,0.5165622409820866,0,-0.7452785684857053,1,0.9076465481101008,1.0754709230145163,0
1398,-1.0108676464614255,0,-1.1023837761932787,2,0.9076465481101008,1.40189682017358,0
1399,-0.9381328899164963,1,0.26651952001908563,2,1.3443229937336658,-1.349610360890511,1
1400,-1.738215211910717,0,-1.2214188454291364,0,-0.9263945235088726,-1.3865910725512327,1
1401,-1.738215211910717,1,0.20700198540115672,1,-0.4023827887605945,-1.4299722919993874,0
1402,1.3166445629763073,0,-1.6380415877546386,2,0.20896423511239662,1.4317658565149323,0
1403,-1.738215211910717,1,0.26651952001908563,0,-0.7517239452594466,1.3386029098311907,0
1404,-1.6654804553657878,0,1.3378351431418054,2,-1.3921827321740088,-1.2208890376099215,1
1405,-0.6471938637367798,1,0.6236247277266589,0,-0.8390592343841596,0.2825191249048079,0
1406,0.08015370171251168,1,-0.32865582616020317,1,-0.08215339530331346,1.5092831174960606,1
1407,1.4621140760661655,1,-0.5667259646319187,0,1.286099467650524,-1.312629649229789,1
1408,-1.3745414291860714,0,-0.2691382915422743,1,0.2671877611955386,0.9908419867140181,1
1409,1.1711750498864488,1,0.9212124008163033,2,-1.4795180212987218,1.129519655441725,0
1410,1.243909806431378,0,0.44507212387287226,2,1.548105335024663,1.2945105228510994,1
1411,-0.7199286202817089,1,1.6949403508493788,0,1.518993571983092,1.519950630475115,0
1412,-0.5017243506469216,1,1.8139754200852365,2,0.7620877329022457,-0.1491595669809257,1
1413,-0.9381328899164963,0,-1.6380415877546386,2,0.4127465764033937,-0.942111365090634,0
1414,-1.4472761857310004,0,-1.1023837761932787,0,-0.8972827604673017,1.519239462943178,0
1415,1.3893793195212363,0,-0.2691382915422743,0,-1.2757356800077249,-1.3254306648046543,0
1416,-1.5200109422759296,1,-0.09058568768848767,2,1.3443229937336658,-1.3396540154433936,0
1417,1.0257055367965906,0,1.2188000739059477,1,-1.683300362589719,-0.1896961163013323,0
1418,0.5165622409820866,1,-0.3881733607781321,0,1.722775913274089,0.40483994039796467,0
1419,-0.9381328899164963,0,-1.399971449282923,0,-0.6935004191763046,-0.34686414085940004,1
1420,-1.3745414291860714,0,-1.1619013108112075,1,0.8785347850685298,-0.8837956274718034,0
1421,-0.28352008101213405,0,-1.340453914664994,2,-1.770635651714432,0.013697797832637727,0
1422,-0.06531581137734661,0,-1.340453914664994,2,-1.4504062582571509,-0.6903580587849508,0
1423,0.29835797134729913,0,-1.340453914664994,2,-1.4504062582571509,0.27967445477706004,1
1424,1.0257055367965906,0,1.5759052816135208,1,-1.7415238886728608,-0.08230981897885162,0
1425,0.007418945167582538,1,1.0402474700521611,0,1.577217098066234,-0.3681991668175088,1
1426,1.3893793195212363,0,-1.1023837761932787,2,-0.7808357083010177,-0.028261086551642802,0
1427,0.5165622409820866,1,-1.4594889839008518,2,-0.16948868442802648,-0.17476159813065617,0
1428,-0.3562548375570632,0,1.2783176085238765,2,-0.43149455180216556,-0.31628393698611085,1
1429,1.6075835891560237,0,0.56410719310873,0,-1.0428415756751568,0.8848780244554114,1
1430,-1.156337159551284,0,-1.6975591223725675,1,-0.5479416039684496,0.43115313907963215,0
1431,0.29835797134729913,0,-0.09058568768848767,0,0.44185833944496467,-0.9890484221984732,0
1432,-0.28352008101213405,1,0.08796691616529898,1,-1.1301768647998698,0.5378282688701759,0
1433,-0.42898959410199233,0,0.44507212387287226,2,-0.5770533670100206,0.4083957780576495,0
1434,0.08015370171251168,0,-1.2809363800470652,0,-1.0428415756751568,1.6678734771180024,1
1435,1.3893793195212363,1,1.0402474700521611,1,1.722775913274089,0.36501455860949505,0
1436,-0.42898959410199233,1,1.3973526777597343,1,0.7329759698606747,1.1266749853139773,1
1437,1.1711750498864488,0,-0.8047961031036343,1,0.6747524437775327,-0.8845067950037404,0
1438,0.007418945167582538,1,-0.031068153070558782,0,0.00518189382139956,1.6095577394991718,0
1439,0.734766510616874,0,0.3260370546370145,2,1.1696524154842398,0.31238816124616015,1
1440,-1.3018066726411421,1,0.8021773315804456,0,-0.46060631484373654,-0.8133900418100446,1
1441,0.8802360237067324,0,1.1592825392880188,1,1.1696524154842398,0.7255764973015328,1
1442,-1.738215211910717,1,-0.7452785684857053,2,0.12162894598768359,1.2397506228919535,1
1443,0.29835797134729913,0,-0.20962075692434542,1,1.0823171263595268,1.6465384511598935,1
1444,-0.13805056792227577,1,0.08796691616529898,2,-0.6935004191763046,0.6409475610010348,1
1445,-1.229071916096213,1,-0.3881733607781321,1,-0.5188298409268786,0.8706546738166723,1
1446,0.6620317540719449,0,-0.3881733607781321,1,-1.4212944952155797,0.7703800518135612,0
1447,-0.28352008101213405,1,-0.5667259646319187,2,1.227875941567382,-1.1120804052235669,1
1448,-0.2107853244672049,1,0.8616948661983744,2,1.693664150232518,-0.3610874914981392,1
1449,0.8075012671618031,1,-0.44769089539606094,0,-0.19860044746959749,0.909768888073205,1
1450,0.08015370171251168,1,-1.0428662415753498,0,0.6747524437775327,0.7355328427486503,0
1451,-1.6654804553657878,1,-0.031068153070558782,0,-0.19860044746959749,0.4830683689110301,1
1452,1.5348488326110947,1,-0.923831172339492,1,1.0240936002763847,-1.417882443956459,1
1453,0.734766510616874,1,-0.32865582616020317,1,-1.0428415756751568,0.8834556893915375,1
1454,-0.5744591071918507,0,0.26651952001908563,0,-0.6061651300515916,1.6956090108635438,0
1455,1.0984402933415198,0,0.5045896584908012,2,-0.4897180778853076,0.2682957742660687,0
1456,1.0984402933415198,1,1.3973526777597343,0,0.8494230220269587,-0.049596112509751544,1
1457,1.3893793195212363,1,-0.5072084300139899,2,-0.8972827604673017,-0.003370222933849268,1
1458,-0.9381328899164963,0,0.9212124008163033,2,0.12162894598768359,0.4809348663152192,0
1459,1.0257055367965906,1,0.44507212387287226,1,-0.19860044746959749,-0.7003144042320683,0
1460,1.1711750498864488,1,0.38555458925494335,2,0.03429365686297057,-0.09937783974533862,1
1461,-0.9381328899164963,0,1.4568702123776631,1,0.5291936285696777,3.0816745306086752,0
1462,-1.738215211910717,0,-1.2214188454291364,2,1.2569877046089528,0.4546216676335518,0
1463,0.15288845825744082,0,-0.15010322230641654,0,1.3443229937336658,0.8038049258145982,0
1464,-1.0108676464614255,1,0.44507212387287226,2,1.1696524154842398,-0.49763165763003514,0
1465,-1.5927456988208588,0,-0.8643136377215631,0,-0.7226121822178756,-0.8027225288309902,0
1466,0.8802360237067324,0,0.38555458925494335,0,-1.3630709691324379,1.554086672008089,1
1467,-0.5017243506469216,0,0.3260370546370145,2,1.053205363317956,0.788870407643922,1
1468,0.22562321480237,1,1.09976500467009,0,1.0240936002763847,-0.3404636330719674,0
1469,-1.5927456988208588,0,-0.7452785684857053,1,1.4316582828583788,-1.2756489375690674,0
1470,-1.229071916096213,1,-0.923831172339492,0,0.4127465764033937,0.2604729314147622,0
1471,-1.0108676464614255,1,1.2783176085238765,2,1.2569877046089528,-0.5765712536750375,1
1472,0.8802360237067324,0,0.3260370546370145,1,0.44185833944496467,1.3563820981296146,1
1473,-0.28352008101213405,0,-0.6262434992498476,0,-0.7808357083010177,1.21485975927416,1
1474,-1.156337159551284,0,1.7544578854673076,2,-0.7517239452594466,-1.043097154625682,1
1475,-0.6471938637367798,1,0.9807299354342321,1,1.315211230692095,-0.3404636330719674,0
1476,0.5165622409820866,1,0.44507212387287226,0,-0.7808357083010177,0.6309912155539174,0
1477,0.29835797134729913,1,0.6831422623445877,2,-0.2859357365943105,1.2212602670615926,0
1478,1.4621140760661655,0,0.028449381547370096,1,-0.5770533670100206,1.6081354044352978,1
1479,1.6075835891560237,1,1.0402474700521611,1,0.5874171546528197,0.3045653183948536,1
1480,0.734766510616874,0,-0.923831172339492,1,1.286099467650524,-0.5481245523975592,0
1481,-0.5017243506469216,0,1.4568702123776631,1,-0.5188298409268786,1.4061638253652018,1
1482,0.8802360237067324,0,1.2783176085238765,1,1.548105335024663,-1.500377877661146,1
1483,-1.3018066726411421,0,-1.6380415877546386,2,1.664552387190947,-0.8617494339817577,0
1484,0.3710927278922283,1,-0.09058568768848767,2,0.7911994959438168,-1.0139392858162668,0
1485,-1.0108676464614255,0,-1.399971449282923,0,-0.43149455180216556,-0.3233956123054804,1
1486,-0.06531581137734661,1,-1.5190065185187807,1,0.5583053916112487,-0.00265905540191231,1
1487,0.22562321480237,1,0.9807299354342321,2,-1.770635651714432,-0.5388793744823788,0
1488,-1.4472761857310004,1,0.5045896584908012,2,0.1507407090292546,0.8102054336020308,1
1489,-1.738215211910717,0,1.3973526777597343,2,1.4316582828583788,0.6779282726617566,1
1490,0.4438274844371574,1,-0.8643136377215631,1,-1.4504062582571509,-1.1853306610130736,1
1491,-0.28352008101213405,0,1.63542281623145,1,-1.2757356800077249,0.4475099923141822,1
1492,1.243909806431378,1,-1.4594889839008518,0,0.3254112872786806,-1.7329296606045315,1
1493,0.29835797134729913,0,1.0402474700521611,2,0.5583053916112487,-0.9001524807063535,0
1494,1.0984402933415198,0,1.5759052816135208,2,-1.4504062582571509,-1.196709341524065,1
1495,-1.229071916096213,0,-0.3881733607781321,1,-0.6061651300515916,-0.9677133962403645,1
1496,-0.5017243506469216,1,-0.8047961031036343,0,0.44185833944496467,-0.12213520076732128,1
1497,1.3166445629763073,0,-0.923831172339492,0,0.4709701024865357,1.1864130579966816,1
1498,1.680318345700953,0,-0.6262434992498476,0,-1.595965073465006,-0.3881118577117436,0
1499,0.007418945167582538,1,-0.8047961031036343,1,0.5874171546528197,1.6778298225651198,1
1500,0.6620317540719449,1,-0.32865582616020317,1,-1.3048474430492958,0.4709785208681018,0
1501,-0.06531581137734661,1,1.1592825392880188,1,1.0823171263595268,-1.3574332037418175,1
1502,0.9529707802516615,1,-1.6975591223725675,1,-0.9846180495920147,-1.5501596048967332,1
1503,0.08015370171251168,0,0.6831422623445877,0,0.09251718294611258,0.638102890873287,0
1504,1.4621140760661655,0,-1.399971449282923,0,0.20896423511239662,1.3499815903421821,1
1505,-0.5017243506469216,1,-0.5667259646319187,2,0.12162894598768359,-0.5986174471650832,1
1506,0.734766510616874,0,-0.20962075692434542,0,0.5874171546528197,-1.3972585855302873,0
1507,1.4621140760661655,0,1.0402474700521611,2,-1.5668533104234348,-0.3582428213703914,1
1508,0.22562321480237,1,0.028449381547370096,0,0.4709701024865357,-1.4619748309365503,0
1509,1.3166445629763073,1,-1.2809363800470652,2,0.8494230220269587,-0.9826479144110406,1
1510,-1.0108676464614255,0,-0.3881733607781321,0,0.1507407090292546,-0.2721915500060194,1
1511,-0.06531581137734661,1,1.09976500467009,1,0.9367583111516717,-1.094301216925143,1
1512,-0.2107853244672049,0,-0.6857610338677764,0,-1.5377415473818639,-0.25014535651597375,1
1513,0.5165622409820866,0,0.20700198540115672,1,-1.5668533104234348,1.128097320377851,1
1514,-0.06531581137734661,1,-0.7452785684857053,2,1.548105335024663,1.5611983473274587,1
1515,-0.7199286202817089,1,-1.5785240531367097,2,-0.8681709974257307,-1.5146012282998853,0
1516,-0.06531581137734661,0,1.7544578854673076,2,-1.1301768647998698,-1.5764728035784006,0
1517,-0.7199286202817089,0,-0.8047961031036343,1,1.635440624149376,0.08125871336664875,0
1518,-1.4472761857310004,0,-1.2809363800470652,0,0.7329759698606747,-1.4754870140433525,1
1519,-0.7199286202817089,1,-0.20962075692434542,2,1.489881808941521,0.927548076371629,0
1520,-0.3562548375570632,0,-1.399971449282923,0,-0.08215339530331346,-1.7357743307322793,0
1521,-0.8653981333715672,0,0.44507212387287226,1,0.9658700741932428,-0.36891033434944576,0
1522,-0.06531581137734661,0,1.2188000739059477,2,0.9367583111516717,1.40189682017358,1
1523,-1.0836024030063547,1,1.8139754200852365,1,-1.683300362589719,-0.4250925693724654,0
1524,1.1711750498864488,1,-0.44769089539606094,2,1.053205363317956,0.4098181131215234,0
1525,-1.3018066726411421,1,0.26651952001908563,2,-0.2277122105111685,1.0840049333977597,1
1526,-1.0836024030063547,0,-1.399971449282923,2,1.635440624149376,-0.43362657975570895,0
1527,1.4621140760661655,0,0.028449381547370096,0,-1.4795180212987218,1.6010237291159282,1
1528,0.5892969975270157,1,0.6831422623445877,1,-1.5086297843402927,1.6657399745221915,1
1529,0.22562321480237,1,-0.8047961031036343,1,-0.8099474713425886,0.052812012089170426,0
1530,1.4621140760661655,0,-0.5072084300139899,1,-0.7808357083010177,-0.42153673171278067,1
1531,-0.8653981333715672,1,1.2188000739059477,0,-1.3921827321740088,-0.8766839521524339,1
1532,-1.0108676464614255,0,0.028449381547370096,1,-0.2568239735527395,-1.0786555312225299,0
1533,-0.7926633768266381,0,-0.5667259646319187,1,-0.8099474713425886,-1.0836337039460886,1
1534,-1.0108676464614255,0,1.3973526777597343,0,0.8203112589853878,-1.5473149347689854,1
1535,-0.28352008101213405,1,-1.399971449282923,0,-0.8681709974257307,0.2903419677561144,0
1536,0.5892969975270157,1,0.8616948661983744,1,-0.8099474713425886,-0.7692976548299532,1
1537,0.08015370171251168,0,0.38555458925494335,0,0.2671877611955386,-0.32695144996516523,1
1538,0.3710927278922283,1,1.3378351431418054,2,-1.3339592060908667,-1.7130169697102966,1
1539,-0.7199286202817089,1,-0.9833487069574208,1,-0.4023827887605945,-1.2927169583355544,0
1540,-1.4472761857310004,1,-1.4594889839008518,2,1.577217098066234,0.8009602556868504,1
1541,-1.3745414291860714,0,-1.2809363800470652,2,1.722775913274089,0.9033683802857724,1
1542,-1.0108676464614255,0,1.3973526777597343,0,-0.3150474996358815,1.1081846294836162,1
1543,0.007418945167582538,0,-1.0428662415753498,1,-0.9846180495920147,-0.6917803938488247,0
1544,-0.5017243506469216,0,1.63542281623145,2,-1.6541885995481478,-0.35041997851908485,0
1545,0.5165622409820866,0,1.63542281623145,0,0.00518189382139956,-1.4271276218716393,1
1546,-0.5017243506469216,0,-1.2214188454291364,1,-1.0428415756751568,1.280998339744297,1
1547,1.1711750498864488,1,-0.2691382915422743,0,-0.46060631484373654,1.012177012672127,0
1548,-0.13805056792227577,0,-0.2691382915422743,1,-1.1010651017582986,-1.6305215360056093,0
1549,1.0257055367965906,1,-1.6380415877546386,1,-1.5668533104234348,0.9659511230962247,0
1550,0.9529707802516615,1,-1.1023837761932787,2,-0.8681709974257307,-0.37744434473268923,0
1551,0.734766510616874,1,1.1592825392880188,2,0.35452305032025166,0.48022369878328225,0
1552,-0.9381328899164963,1,-0.8047961031036343,0,-0.6061651300515916,0.3081211560545384,1
1553,1.5348488326110947,0,0.44507212387287226,0,-1.2466239169661537,1.4979044369850694,1
1554,0.5165622409820866,0,-1.0428662415753498,1,-1.6541885995481478,-1.2564474142067694,1
1555,-0.7199286202817089,1,-1.6380415877546386,0,0.00518189382139956,-1.7784443826484968,0
1556,1.0984402933415198,1,1.3378351431418054,2,-0.5188298409268786,-0.7486737964037814,0
1557,-1.5200109422759296,1,-1.1619013108112075,0,0.8494230220269587,-0.9570458832613101,1
1558,0.6620317540719449,0,-1.4594889839008518,1,0.8494230220269587,0.5221825831675628,1
1559,-0.2107853244672049,0,-0.5072084300139899,2,-1.1884003908830116,0.7625572089622547,0
1560,1.243909806431378,0,-1.0428662415753498,0,0.29629952423710965,0.29674247554354705,1
1561,1.3166445629763073,1,-0.2691382915422743,1,0.9367583111516717,-0.06666413327623855,1
1562,-0.9381328899164963,1,0.9212124008163033,0,-0.3150474996358815,1.5235064681347998,1
1563,-0.9381328899164963,0,1.7544578854673076,0,-0.9555062865504437,1.5121277876238084,1
1564,0.5165622409820866,1,-0.44769089539606094,0,-1.5086297843402927,-0.39593470056305013,0
1565,-0.28352008101213405,1,0.6831422623445877,2,1.286099467650524,0.1737104925184533,0
1566,-1.738215211910717,0,-0.923831172339492,2,0.7911994959438168,-1.1227479182026214,0
1567,-0.5744591071918507,1,1.0402474700521611,2,-1.595965073465006,0.4660003481445431,0
1568,1.6075835891560237,0,-1.1023837761932787,1,0.06340541990454157,0.4240414637602626,0
1569,0.734766510616874,0,-1.340453914664994,1,1.140540652442669,1.5853780434133151,1
1570,-1.0108676464614255,0,-1.4594889839008518,2,-0.6935004191763046,-1.6653687450705204,0
1571,-0.5744591071918507,1,-1.4594889839008518,1,-1.1592886278414407,0.40483994039796467,1
1572,1.6075835891560237,1,0.38555458925494335,2,-0.5188298409268786,1.6785409900970567,0
1573,1.5348488326110947,1,-0.09058568768848767,0,-1.1592886278414407,0.7469115232596415,1
1574,-1.5200109422759296,1,-0.44769089539606094,2,-1.0719533387167277,0.6018333467445021,0
1575,1.3166445629763073,0,-0.5667259646319187,2,-1.4212944952155797,-1.4932662023417764,0
1576,0.8802360237067324,0,-1.1619013108112075,2,-0.43149455180216556,-1.7599540268181357,0
1577,-1.3745414291860714,0,1.3973526777597343,0,0.5583053916112487,1.0157328503318117,1
1578,-1.3018066726411421,1,-0.923831172339492,2,0.5874171546528197,-0.08230981897885162,1
1579,0.4438274844371574,1,-0.5667259646319187,1,-0.023929869220171446,1.0669369126312727,0
1580,-1.3745414291860714,0,-1.0428662415753498,1,1.518993571983092,0.4396871494628756,0
1581,-0.9381328899164963,0,-1.5785240531367097,1,-0.14037692138645547,0.9268369088396919,0
1582,-0.7199286202817089,0,0.44507212387287226,2,-1.2175121539245828,-1.2187555350141106,1
1583,1.3166445629763073,0,1.3378351431418054,0,-0.2568239735527395,1.6536501264792631,1
1584,0.8075012671618031,1,1.4568702123776631,1,1.2569877046089528,1.2617968163819993,0
1585,0.734766510616874,0,0.44507212387287226,2,-0.023929869220171446,-0.04106210212650805,1
1586,0.08015370171251168,1,0.20700198540115672,0,1.577217098066234,1.2283719423809623,1
1587,-1.229071916096213,0,-1.0428662415753498,2,-0.9846180495920147,-0.6597778549116616,1
1588,-1.5927456988208588,0,-1.399971449282923,0,-0.16948868442802648,-0.6057291224844528,1
1589,1.0257055367965906,0,-0.5072084300139899,0,1.635440624149376,-1.3922804128067285,1
1590,0.007418945167582538,0,0.38555458925494335,1,1.402546519816808,-0.17333926306678227,0
1591,-1.738215211910717,0,-1.2809363800470652,1,-1.2175121539245828,-0.9186428365367144,1
1592,-1.3018066726411421,1,1.2783176085238765,1,1.46077004589995,1.3378917422992538,0
1593,0.15288845825744082,0,-0.2691382915422743,0,0.03429365686297057,1.5505308343484043,0
1594,-1.5927456988208588,1,-0.6857610338677764,1,-1.2466239169661537,0.5577409597644107,1
1595,0.08015370171251168,0,0.9212124008163033,2,-1.595965073465006,0.9858638139904595,0
1596,-0.06531581137734661,1,-0.44769089539606094,1,-0.6352768930931626,-0.1491595669809257,0
1597,1.4621140760661655,1,1.5759052816135208,2,-1.2757356800077249,-0.03181692421132759,0
1598,-0.28352008101213405,0,1.0402474700521611,1,0.4709701024865357,-1.262136754462265,1
1599,0.29835797134729913,1,1.7544578854673076,1,0.9658700741932428,1.0399125464176684,0
1600,-1.5200109422759296,1,-1.4594889839008518,1,0.8494230220269587,1.1700562047621317,0
1601,-1.156337159551284,1,-1.0428662415753498,2,1.489881808941521,-0.6128407978038224,1
1602,-0.6471938637367798,1,0.028449381547370096,2,1.635440624149376,0.31736633396971886,1
1603,-0.5017243506469216,0,1.3973526777597343,1,0.09251718294611258,0.5300054260188694,1
1604,1.3893793195212363,1,-0.8047961031036343,1,0.03429365686297057,1.6785409900970567,0
1605,-0.9381328899164963,0,0.5045896584908012,0,-0.4897180778853076,0.22349221975404038,1
1606,-0.5744591071918507,1,-0.6262434992498476,2,-0.3441592626774525,-1.4932662023417764,1
1607,0.8802360237067324,1,1.516387746995592,2,0.6165289176943907,-0.47060729141643076,1
1608,-0.5017243506469216,0,0.20700198540115672,2,1.4316582828583788,-1.7307961580087206,0
1609,-1.156337159551284,1,0.56410719310873,2,-0.9555062865504437,-0.3120169317944891,0
1610,1.5348488326110947,0,-0.09058568768848767,1,1.402546519816808,0.24909425090377085,0
1611,-0.5744591071918507,1,0.028449381547370096,1,0.7329759698606747,1.251129303402945,0
1612,0.9529707802516615,1,-1.6975591223725675,0,0.6747524437775327,0.3977282650785951,0
1613,-0.3562548375570632,1,0.08796691616529898,2,-0.5188298409268786,-0.17191692800290834,0
1614,-0.5017243506469216,0,0.7426597969625166,0,1.548105335024663,-0.04177326965844501,1
1615,-1.0836024030063547,1,1.6949403508493788,2,1.227875941567382,0.5719643104031499,0
1616,1.3893793195212363,1,1.0402474700521611,2,0.6456406807359617,1.1152963048029858,0
1617,-0.5744591071918507,0,-0.20962075692434542,1,0.9658700741932428,-1.5764728035784006,1
1618,-0.2107853244672049,1,0.8616948661983744,0,0.5874171546528197,0.9894196516501442,0
1619,0.5892969975270157,0,1.516387746995592,2,1.3443229937336658,1.470168903239528,1
1620,-0.42898959410199233,1,0.08796691616529898,2,0.9658700741932428,1.5981790589881804,1
1621,1.3893793195212363,0,0.7426597969625166,2,-0.9555062865504437,0.2874972976283666,1
1622,1.680318345700953,0,-0.15010322230641654,1,-0.4023827887605945,-0.2643687071547129,0
1623,0.3710927278922283,1,0.08796691616529898,2,1.4316582828583788,1.6173805823504783,1
1624,0.4438274844371574,1,0.20700198540115672,2,1.46077004589995,0.44110948452674953,0
1625,0.15288845825744082,1,1.5759052816135208,2,-1.2757356800077249,-0.6156854679315702,0
1626,0.15288845825744082,0,-1.1619013108112075,1,1.4316582828583788,-0.7316057756372943,1
1627,0.5165622409820866,0,0.6831422623445877,2,-0.6061651300515916,-1.4441956426381264,1
1628,0.29835797134729913,0,-0.923831172339492,2,0.35452305032025166,-0.8596159313859468,0
1629,-1.3745414291860714,1,0.6236247277266589,1,0.5874171546528197,0.7191759895141002,0
1630,0.22562321480237,0,-0.2691382915422743,2,-1.6541885995481478,1.3272242293201995,1
1631,1.6075835891560237,0,-1.6975591223725675,1,1.0240936002763847,1.3115785436175862,1
1632,-1.6654804553657878,1,0.6831422623445877,0,-0.8681709974257307,-0.46420678362899814,0
1633,-0.3562548375570632,1,-1.340453914664994,1,0.09251718294611258,1.6472496186918306,0
1634,-1.0108676464614255,1,1.3973526777597343,2,-0.6643886561347336,-0.08799915923434729,0
1635,1.6075835891560237,0,-0.09058568768848767,0,-1.2757356800077249,0.21424704183885993,0
1636,-0.13805056792227577,1,-1.1023837761932787,1,-1.7124121256312899,-0.4514057680541329,1
1637,1.6075835891560237,1,-0.923831172339492,0,-1.7124121256312899,1.6529389589473262,1
1638,-1.229071916096213,0,0.9807299354342321,0,1.1696524154842398,-1.5643829555354722,0
1639,1.1711750498864488,0,1.2188000739059477,0,0.5291936285696777,-1.4989555425972723,1
1640,1.3166445629763073,1,0.7426597969625166,2,-1.595965073465006,-1.1078134000319453,0
1641,0.29835797134729913,0,-1.2809363800470652,0,-0.8390592343841596,0.9815968087988377,1
1642,-0.7926633768266381,1,-0.5667259646319187,1,0.6747524437775327,-1.1938646713963172,0
1643,1.0984402933415198,1,-0.15010322230641654,2,0.12162894598768359,-1.0964347195209538,0
1644,-1.229071916096213,1,0.14748445078322786,2,0.4709701024865357,-0.618530138059318,0
1645,0.6620317540719449,1,-0.3881733607781321,0,-0.2568239735527395,-0.06168596055267983,1
1646,-1.5927456988208588,0,1.7544578854673076,2,0.7911994959438168,1.0178663529276226,0
1647,-0.6471938637367798,1,-1.6975591223725675,0,-1.4504062582571509,-1.1391047714371714,0
1648,-1.0836024030063547,1,1.2188000739059477,0,-1.5086297843402927,-1.1924423363324432,0
1649,1.243909806431378,1,0.028449381547370096,1,-0.8099474713425886,0.9225699036480702,1
1650,-1.3018066726411421,1,1.5759052816135208,2,1.402546519816808,-0.0894214942982212,0
1651,1.3893793195212363,0,-0.09058568768848767,0,-1.3630709691324379,-1.228711880461228,1
1652,-1.738215211910717,1,0.8021773315804456,0,-1.1592886278414407,0.13246277566610973,0
1653,0.29835797134729913,0,1.63542281623145,0,-1.4504062582571509,0.3884830871634147,0
1654,-0.9381328899164963,1,-0.20962075692434542,1,-0.08215339530331346,-0.19894129421651274,0
1655,1.4621140760661655,0,1.3378351431418054,1,0.6456406807359617,-0.8105453716822967,1
1656,-1.156337159551284,1,1.516387746995592,2,-1.3921827321740088,0.6416587285329718,0
1657,0.8802360237067324,0,-1.0428662415753498,0,-0.37327102571902354,0.3066988209906645,1
1658,1.3893793195212363,1,0.08796691616529898,1,-1.3630709691324379,0.6139231947874304,0
1659,-1.5927456988208588,1,-0.7452785684857053,0,-0.6061651300515916,-1.7101722995825488,1
1660,1.3166445629763073,0,0.26651952001908563,0,0.7911994959438168,-1.2272895453973542,0
1661,1.3166445629763073,1,0.08796691616529898,1,0.6747524437775327,0.4595998403571105,1
1662,0.8075012671618031,1,-1.6975591223725675,0,1.693664150232518,-0.8681499417691904,0
1663,0.5165622409820866,1,-1.4594889839008518,1,-0.5770533670100206,-0.37886667979656313,0
1664,-0.5017243506469216,1,0.20700198540115672,2,0.2671877611955386,0.42333029622832563,0
1665,-0.6471938637367798,1,0.028449381547370096,1,1.198764178525811,1.5562201746039,0
1666,-1.3745414291860714,0,-0.031068153070558782,1,-1.3339592060908667,1.1152963048029858,1
1667,-1.3018066726411421,0,-0.15010322230641654,2,0.29629952423710965,1.4168313383442561,1
1668,-1.3745414291860714,0,1.63542281623145,0,0.29629952423710965,-0.5772824212069745,0
1669,-0.2107853244672049,0,1.3973526777597343,2,1.2569877046089528,-0.483408306991296,0
1670,-0.2107853244672049,0,0.9807299354342321,0,-0.43149455180216556,0.8542978205821222,1
1671,-1.3018066726411421,1,-1.6975591223725675,1,-0.46060631484373654,-0.08159865144691467,0
1672,1.4621140760661655,1,-1.5785240531367097,2,0.06340541990454157,-0.9641575585806796,0
1673,-1.3018066726411421,0,0.6236247277266589,2,-1.0719533387167277,-1.0786555312225299,0
1674,-0.7926633768266381,0,1.3973526777597343,2,0.8785347850685298,0.18651150809331854,1
1675,0.15288845825744082,1,1.8139754200852365,0,1.3443229937336658,1.6479607862237675,1
1676,0.29835797134729913,0,0.8021773315804456,0,0.09251718294611258,-0.9982936001136536,0
1677,-1.738215211910717,1,0.38555458925494335,1,1.3443229937336658,1.6266257602656586,0
1678,0.5892969975270157,1,0.9212124008163033,0,-1.1301768647998698,-1.0345631442424386,1
1679,0.007418945167582538,0,0.20700198540115672,1,-0.2277122105111685,-0.33619662788034566,0
1680,0.08015370171251168,0,-0.6262434992498476,1,1.227875941567382,-1.0054052754330232,1
1681,0.15288845825744082,0,1.4568702123776631,0,0.2671877611955386,0.0464115043017378,1
1682,-0.8653981333715672,1,0.6236247277266589,0,-0.6935004191763046,0.22918156000953605,1
1683,1.5348488326110947,1,0.20700198540115672,0,0.7911994959438168,0.0954820640053879,1
1684,-0.13805056792227577,0,0.5045896584908012,0,1.722775913274089,0.6494815713842783,0
1685,0.22562321480237,1,0.26651952001908563,2,-1.683300362589719,0.4368424793351278,1
1686,-1.5200109422759296,1,-0.9833487069574208,1,1.0240936002763847,-0.8446814132152707,0
1687,1.3893793195212363,0,-1.1619013108112075,2,0.7911994959438168,-0.06310829561655375,1
1688,0.734766510616874,1,-0.3881733607781321,1,-1.3921827321740088,1.4907927616656997,1
1689,1.680318345700953,0,-0.8047961031036343,0,1.140540652442669,-0.10648951506470819,1
1690,0.007418945167582538,0,-0.15010322230641654,0,-0.6061651300515916,1.43461052664268,1
1691,-1.738215211910717,0,-0.9833487069574208,0,1.46077004589995,0.7988267530910395,1
1692,1.1711750498864488,0,1.1592825392880188,0,0.23807599815396763,-0.6377316614216159,1
1693,-0.42898959410199233,0,-1.0428662415753498,0,-1.5086297843402927,-0.6932027289126986,1
1694,1.680318345700953,1,-0.2691382915422743,2,-0.19860044746959749,-0.15627124230029527,0
1695,-1.156337159551284,1,0.5045896584908012,1,-1.770635651714432,0.1431302886451641,0
1696,1.5348488326110947,1,-1.5785240531367097,2,1.664552387190947,0.09690439906926182,1
1697,1.1711750498864488,0,0.14748445078322786,0,0.2671877611955386,0.3038541508629166,1
1698,1.5348488326110947,0,0.26651952001908563,2,-1.1010651017582986,1.2504181358710078,1
1699,0.5892969975270157,1,-0.15010322230641654,0,0.20896423511239662,0.5676973052115281,1
1700,-0.13805056792227577,1,1.63542281623145,2,0.6747524437775327,0.15095313149647063,0
1701,-0.06531581137734661,0,-0.923831172339492,0,0.1798524720708256,0.9844414789265855,1
1702,-1.229071916096213,0,-0.031068153070558782,2,1.577217098066234,-0.3617986590300762,1
1703,1.3893793195212363,0,-0.2691382915422743,2,-0.3441592626774525,-0.2878372357086325,0
1704,-1.6654804553657878,0,0.20700198540115672,0,-0.11126515834488447,1.0534247295244705,1
1705,-0.42898959410199233,1,-0.5072084300139899,0,-1.4795180212987218,-1.2230225402057324,1
1706,0.734766510616874,1,0.6831422623445877,2,-1.0137298126335856,-0.5403017095462527,0
1707,-1.3018066726411421,1,0.3260370546370145,0,1.489881808941521,0.7533120310470742,1
1708,1.680318345700953,1,-1.6380415877546386,1,0.8785347850685298,0.15024196396453368,1
1709,-1.3745414291860714,1,-1.5190065185187807,2,1.1696524154842398,-0.31486160192223694,1
1710,0.8802360237067324,1,1.7544578854673076,1,-0.2568239735527395,0.4780901961874714,0
1711,1.1711750498864488,0,-0.09058568768848767,1,-1.7124121256312899,0.48662420657071487,1
1712,0.734766510616874,1,0.7426597969625166,0,0.5291936285696777,-1.4136154387648372,1
1713,1.4621140760661655,1,-0.3881733607781321,0,-1.3921827321740088,-0.09368849948984295,0
1714,1.0257055367965906,1,-0.6262434992498476,1,-0.37327102571902354,0.5193379130398149,1
1715,0.4438274844371574,1,0.3260370546370145,2,-1.2757356800077249,0.49586938448589535,0
1716,1.1711750498864488,1,-0.5667259646319187,0,1.518993571983092,0.3913277572911625,1
1717,0.8075012671618031,1,-1.2809363800470652,2,-1.770635651714432,1.554086672008089,0
1718,0.734766510616874,1,-0.5667259646319187,2,0.9949818372348138,0.22064754962629254,1
1719,0.15288845825744082,1,-1.1023837761932787,2,-0.9555062865504437,-0.30988342919867823,1
1720,-1.229071916096213,1,0.8021773315804456,0,1.402546519816808,-1.4655306685962353,0
1721,1.243909806431378,1,-0.6262434992498476,0,-1.5377415473818639,-0.3219732772416065,1
1722,-0.8653981333715672,0,-0.44769089539606094,1,-1.3048474430492958,-0.415847391457285,1
1723,-0.42898959410199233,1,1.6949403508493788,2,-0.6061651300515916,1.0484465568009118,0
1724,-0.2107853244672049,0,0.9212124008163033,0,-1.2175121539245828,1.5128389551557455,0
1725,-0.28352008101213405,0,-1.1023837761932787,2,-0.6061651300515916,-0.34828647592327394,1
1726,1.5348488326110947,0,-0.6857610338677764,1,-1.2757356800077249,0.14953079643259673,0
1727,0.3710927278922283,0,-0.3881733607781321,1,0.03429365686297057,1.4317658565149323,1
1728,-0.9381328899164963,1,1.4568702123776631,1,1.402546519816808,-0.9670022287084276,1
1729,-0.5744591071918507,1,1.0402474700521611,2,1.548105335024663,-1.673902755453764,1
1730,0.9529707802516615,0,1.2188000739059477,0,-0.9846180495920147,-1.568649960727094,0
1731,0.734766510616874,0,0.7426597969625166,2,-0.43149455180216556,0.5044033948691389,1
1732,0.9529707802516615,0,-1.2214188454291364,1,0.09251718294611258,1.1913912307202403,1
1733,0.08015370171251168,0,0.20700198540115672,2,0.6747524437775327,-0.3909565278394914,1
1734,0.5892969975270157,1,-0.031068153070558782,2,-1.1301768647998698,1.517105960347367,1
1735,1.680318345700953,0,-0.3881733607781321,2,-0.9555062865504437,1.0584029022480292,1
1736,-1.4472761857310004,0,-0.32865582616020317,2,-1.6250768365065769,-0.5779935887389114,0
1737,0.007418945167582538,0,1.7544578854673076,1,1.489881808941521,-1.5117565581721375,1
1738,1.243909806431378,0,-1.340453914664994,0,0.1507407090292546,-0.18898494876939534,0
1739,0.9529707802516615,1,-0.2691382915422743,0,-0.37327102571902354,0.34581303524719714,1
1740,0.6620317540719449,0,-0.2691382915422743,2,0.1507407090292546,0.5819206558502673,0
1741,-0.13805056792227577,0,1.2783176085238765,1,1.518993571983092,-1.7435971735835858,1
1742,0.29835797134729913,1,-0.8643136377215631,2,0.12162894598768359,-0.14631489685317786,1
1743,-1.0836024030063547,1,-1.1023837761932787,1,0.4709701024865357,-1.0928788818612691,1
1744,0.15288845825744082,0,1.0402474700521611,2,0.00518189382139956,1.0071988399485683,0
1745,-0.7926633768266381,1,0.7426597969625166,1,-1.7124121256312899,-0.36250982656201314,1
1746,-1.156337159551284,1,-1.2214188454291364,0,0.12162894598768359,-1.553715442556418,1
1747,-1.5200109422759296,1,-0.7452785684857053,2,0.1507407090292546,0.5797871532544564,1
1748,1.6075835891560237,0,-1.399971449282923,2,-0.11126515834488447,0.9638176205004138,0
1749,-1.0108676464614255,1,1.4568702123776631,1,0.44185833944496467,-0.9506453754738775,1
1750,1.0984402933415198,0,-1.1023837761932787,0,0.7620877329022457,0.21424704183885993,0
1751,1.0257055367965906,1,-0.8643136377215631,1,-0.3441592626774525,-1.011805783220456,1
1752,-1.6654804553657878,1,0.26651952001908563,0,0.7620877329022457,0.6629937544910804,1
1753,1.0257055367965906,1,-1.0428662415753498,1,1.577217098066234,-1.555137777620292,1
1754,-1.3745414291860714,0,0.8021773315804456,2,1.577217098066234,1.3592267682573624,1
1755,1.3893793195212363,0,0.26651952001908563,1,-0.4023827887605945,-1.5295357464705615,0
1756,-0.7199286202817089,0,1.2783176085238765,1,-0.4897180778853076,1.6493831212876413,1
1757,0.22562321480237,1,-0.7452785684857053,1,1.0823171263595268,-0.4279372395002133,1
1758,-0.42898959410199233,0,-0.7452785684857053,2,-1.770635651714432,-1.740752503455838,1
1759,0.6620317540719449,1,-0.2691382915422743,0,-1.0137298126335856,0.05779018481272913,0
1760,-0.06531581137734661,1,-1.1619013108112075,1,0.6456406807359617,1.6280480953295327,0
1761,-0.5744591071918507,0,0.44507212387287226,1,0.5000818655281066,-0.17689510072646705,0
1762,-0.7926633768266381,0,0.38555458925494335,0,0.00518189382139956,-0.7408509535524749,0
1763,0.8075012671618031,0,-0.7452785684857053,1,0.35452305032025166,0.22349221975404038,0
1764,1.680318345700953,1,1.516387746995592,0,-1.3339592060908667,-0.44358292520282633,0
1765,1.4621140760661655,1,-1.340453914664994,2,0.12162894598768359,0.5513404519769781,0
1766,0.8075012671618031,1,-1.1023837761932787,1,0.5874171546528197,-1.7514200164348923,1
1767,-1.0836024030063547,0,1.8139754200852365,0,-0.16948868442802648,-1.2685372622496978,1
1768,-0.5744591071918507,1,-0.32865582616020317,2,0.4709701024865357,-1.5622494529396616,0
1769,0.08015370171251168,0,0.9807299354342321,0,-1.5668533104234348,-0.7614748119786466,0
1770,0.29835797134729913,1,-0.9833487069574208,0,1.693664150232518,1.2361947852322688,0
1771,-0.8653981333715672,1,1.2783176085238765,0,0.12162894598768359,1.2226826021254664,1
1772,1.0984402933415198,1,0.8616948661983744,2,-0.43149455180216556,-0.38882302524368056,1
1773,-1.0108676464614255,1,-0.6857610338677764,1,-0.46060631484373654,0.5200490805717519,0
1774,0.9529707802516615,1,0.26651952001908563,2,0.9658700741932428,-1.382324067359611,1
1775,0.8075012671618031,0,1.0402474700521611,0,1.635440624149376,1.6138247446907934,0
1776,-0.13805056792227577,0,-0.8643136377215631,0,-1.0719533387167277,0.8670988361569875,0
1777,0.8802360237067324,1,-0.7452785684857053,2,-0.2568239735527395,1.1672115346343839,1
1778,0.8075012671618031,1,0.20700198540115672,1,-0.5188298409268786,-1.1007017247125757,0
1779,0.734766510616874,0,0.9212124008163033,1,-0.37327102571902354,1.4986156045170063,0
1780,-0.6471938637367798,0,1.2188000739059477,1,0.7620877329022457,0.9019460452218984,1
1781,0.4438274844371574,1,-0.7452785684857053,2,-0.37327102571902354,-0.4983428251619721,1
1782,-0.28352008101213405,0,-0.3881733607781321,0,0.20896423511239662,-1.7258179852851618,0
1783,-0.6471938637367798,0,-1.399971449282923,1,0.7329759698606747,0.20998003664723816,1
1784,0.8075012671618031,1,0.08796691616529898,1,-0.46060631484373654,-0.5090103381410265,0
1785,-0.9381328899164963,1,0.14748445078322786,0,-1.0428415756751568,-0.41442505639341104,1
1786,-0.5744591071918507,1,-0.8643136377215631,2,1.315211230692095,-0.3276626174971022,0
1787,-1.0836024030063547,1,-1.2809363800470652,2,0.7329759698606747,1.0875607710574444,1
1788,0.734766510616874,1,1.516387746995592,1,-0.4023827887605945,0.054945514684981295,0
1789,0.8802360237067324,0,0.14748445078322786,2,1.053205363317956,1.1956582359118622,0
1790,0.08015370171251168,1,1.1592825392880188,0,-1.3048474430492958,-1.466953003660109,0
1791,0.4438274844371574,1,0.20700198540115672,1,-0.3150474996358815,-0.7643194821063944,0
1792,-1.229071916096213,0,-0.5072084300139899,0,-1.7415238886728608,-1.7137281372422335,1
1793,0.007418945167582538,1,-0.5072084300139899,1,0.5000818655281066,-0.2693468798782716,1
1794,0.8075012671618031,0,-0.8047961031036343,1,-0.023929869220171446,0.21638054443467078,0
1795,-0.9381328899164963,0,-0.09058568768848767,2,-0.2277122105111685,0.38634958456760377,0
1796,0.08015370171251168,0,-0.031068153070558782,2,0.35452305032025166,-1.0182062910078884,1
1797,-1.3018066726411421,0,1.3378351431418054,2,0.29629952423710965,0.7355328427486503,0
1798,-0.8653981333715672,1,1.3378351431418054,0,-1.2175121539245828,0.9730627984155942,1
1799,-0.9381328899164963,0,0.14748445078322786,2,1.548105335024663,1.229794277444836,0
1800,0.5165622409820866,0,-0.7452785684857053,0,1.402546519816808,1.5256399707306108,1
1801,0.08015370171251168,1,0.9212124008163033,2,-1.5668533104234348,-0.5267895264394504,0
1802,0.4438274844371574,1,-0.031068153070558782,0,-0.5479416039684496,-0.26863571234633465,0
1803,-0.06531581137734661,0,-0.3881733607781321,2,-0.2568239735527395,-1.075810861094782,0
1804,1.3893793195212363,1,0.44507212387287226,0,0.6456406807359617,1.3542485955338037,1
1805,-0.42898959410199233,0,-0.5072084300139899,0,0.12162894598768359,1.0576917347160923,0
1806,-1.3745414291860714,0,0.6236247277266589,1,-0.05304163226174245,-0.9385555274309492,1
1807,1.1711750498864488,0,-0.15010322230641654,0,0.5000818655281066,1.5476861642206563,0
1808,-1.4472761857310004,1,-1.1023837761932787,1,-0.9263945235088726,0.044278001705926925,0
1809,1.243909806431378,0,0.9807299354342321,1,0.4709701024865357,0.5214714156356258,0
1810,0.29835797134729913,0,1.09976500467009,0,0.1507407090292546,0.84078563747532,0
1811,-1.0108676464614255,1,1.516387746995592,2,-1.3048474430492958,-0.415136223925348,0
1812,1.680318345700953,1,-0.923831172339492,2,-0.3150474996358815,-1.1824859908853258,1
1813,-1.4472761857310004,0,0.38555458925494335,2,-1.683300362589719,0.5307165935508062,1
1814,-1.3018066726411421,0,0.6236247277266589,2,-1.4795180212987218,0.4887577091665258,0
1815,-0.7199286202817089,1,1.09976500467009,1,-0.14037692138645547,-1.0459418247534298,1
1816,0.6620317540719449,1,-1.6380415877546386,2,0.6747524437775327,0.29674247554354705,0
1817,0.4438274844371574,0,1.5759052816135208,0,1.693664150232518,-0.19538545655682796,0
1818,-1.156337159551284,1,0.5045896584908012,0,-0.08215339530331346,1.503593777240565,0
1819,0.6620317540719449,0,1.7544578854673076,1,0.00518189382139956,1.3613602708531733,1
1820,-1.3745414291860714,0,-0.5667259646319187,1,-0.2568239735527395,-0.26863571234633465,1
1821,-0.3562548375570632,1,-1.6975591223725675,0,1.2569877046089528,-0.9883372546665362,0
1822,-0.42898959410199233,0,0.3260370546370145,2,0.7911994959438168,1.0832937658658228,0
1823,-0.3562548375570632,1,1.2188000739059477,1,1.198764178525811,-0.075909311191419,1
1824,-1.738215211910717,0,-0.9833487069574208,1,1.489881808941521,1.4836810863463301,0
1825,0.08015370171251168,1,-1.1023837761932787,0,0.9658700741932428,0.48804654163458877,0
1826,-0.7199286202817089,0,-1.399971449282923,1,0.5583053916112487,-0.3866895226478697,0
1827,-0.42898959410199233,0,-0.15010322230641654,2,1.402546519816808,-1.383746402423485,1
1828,-1.156337159551284,0,-1.2809363800470652,0,-0.08215339530331346,0.8557201556459961,0
1829,1.4621140760661655,0,-0.9833487069574208,1,-1.7124121256312899,-0.8958854755147317,1
1830,0.734766510616874,1,-1.0428662415753498,2,-0.7226121822178756,-0.21387581238718886,1
1831,1.5348488326110947,0,1.0402474700521611,2,-0.9263945235088726,-1.2571585817387065,1
1832,-1.738215211910717,0,-0.923831172339492,1,-0.2277122105111685,0.0328993211949356,0
1833,-0.06531581137734661,0,0.9212124008163033,2,-0.5479416039684496,-1.3147631518256,1
1834,-1.5200109422759296,0,1.2188000739059477,1,-1.5086297843402927,1.381984129279345,0
1835,-0.9381328899164963,1,1.6949403508493788,1,1.2569877046089528,0.4403983169948126,1
1836,-1.229071916096213,1,-0.2691382915422743,1,-0.8681709974257307,-1.587140316557455,1
1837,0.3710927278922283,1,0.26651952001908563,0,-1.0137298126335856,0.9723516308836573,0
1838,1.3893793195212363,0,1.8139754200852365,1,-1.1884003908830116,-1.536647421789931,1
1839,-0.5744591071918507,0,0.6831422623445877,1,-1.0428415756751568,0.31736633396971886,1
1840,1.3166445629763073,1,-1.2809363800470652,2,0.5874171546528197,1.0228445256511813,0
1841,-1.738215211910717,1,1.2783176085238765,1,0.38363481336182265,-1.0850560390099626,0
1842,-0.6471938637367798,1,-1.5785240531367097,0,1.140540652442669,0.9865749815223964,1
1843,-0.06531581137734661,1,-0.8047961031036343,2,0.06340541990454157,-1.250046906419337,0
1844,1.1711750498864488,1,-1.5190065185187807,1,0.6165289176943907,-0.8859291300676143,1
1845,-1.156337159551284,0,-0.8643136377215631,1,0.29629952423710965,0.24127140805246433,0
1846,1.6075835891560237,1,-1.6380415877546386,0,-0.37327102571902354,0.3045653183948536,1
1847,-0.5744591071918507,1,0.14748445078322786,0,-0.14037692138645547,1.4744359084311498,0
1848,0.734766510616874,0,-0.9833487069574208,0,-1.1010651017582986,1.384828799407093,0
1849,-0.28352008101213405,0,-0.6857610338677764,0,1.635440624149376,1.4481227097494822,1
1850,-1.4472761857310004,1,-0.031068153070558782,1,1.2569877046089528,-0.24801185392016287,0
1851,0.3710927278922283,1,1.2188000739059477,0,0.09251718294611258,0.42617496635607344,1
1852,-1.6654804553657878,0,1.2188000739059477,0,-0.8972827604673017,0.08623688609020745,1
1853,1.3166445629763073,0,-0.9833487069574208,0,0.7620877329022457,1.1160074723349227,1
1854,1.0984402933415198,0,-0.5072084300139899,1,0.6165289176943907,0.094059728941514,1
1855,-1.3018066726411421,1,-1.5785240531367097,2,-1.1301768647998698,-1.5999413321323201,1
1856,-1.3018066726411421,0,-0.9833487069574208,2,-1.6541885995481478,1.5441303265609716,0
1857,1.3166445629763073,0,0.26651952001908563,0,0.8203112589853878,1.656494796607011,0
1858,-1.5200109422759296,0,-0.8643136377215631,0,0.8785347850685298,-1.3695230517847459,1
1859,-0.7926633768266381,0,1.8139754200852365,2,-0.05304163226174245,-1.4285499569355133,0
1860,0.8075012671618031,0,1.3973526777597343,1,1.1696524154842398,-1.4427733075742526,0
1861,0.6620317540719449,1,1.0402474700521611,2,1.315211230692095,-0.011904233317092765,1
1862,-0.7926633768266381,1,-1.340453914664994,0,-0.9263945235088726,1.3151343812772711,0
1863,-0.8653981333715672,1,0.26651952001908563,0,-0.8681709974257307,1.538440986305476,1
1864,0.8075012671618031,0,1.09976500467009,2,1.0823171263595268,1.5768440330300717,0
1865,1.3893793195212363,0,0.9212124008163033,0,-0.19860044746959749,-1.1760854830978933,1
1866,-0.9381328899164963,0,0.20700198540115672,1,0.6747524437775327,-0.8610382664498207,0
1867,-0.13805056792227577,0,0.38555458925494335,1,1.373434756775237,0.38350491443985596,0
1868,1.1711750498864488,0,1.3973526777597343,0,-0.5770533670100206,-0.3802890148604371,1
1869,0.007418945167582538,0,-0.32865582616020317,1,-0.11126515834488447,0.5307165935508062,1
1870,1.6075835891560237,1,-0.6262434992498476,0,-1.7124121256312899,1.233350115104521,1
1871,-0.3562548375570632,1,-0.5667259646319187,2,-0.9846180495920147,0.05210084455723347,1
1872,1.4621140760661655,0,1.7544578854673076,0,0.12162894598768359,1.4587902227285365,1
1873,-1.3018066726411421,1,0.028449381547370096,1,-1.2175121539245828,-0.976247406623608,0
1874,-0.06531581137734661,1,-0.8643136377215631,1,1.227875941567382,-0.03252809174326455,1
1875,0.8802360237067324,0,0.44507212387287226,2,0.9367583111516717,-1.332542340124024,0
1876,0.4438274844371574,1,0.14748445078322786,0,0.8203112589853878,1.5747105304342608,1
1877,1.0257055367965906,0,-1.5785240531367097,0,1.227875941567382,1.5747105304342608,0
1878,-1.3745414291860714,1,1.7544578854673076,1,-0.4897180778853076,0.7476226907915785,0
1879,-1.229071916096213,1,1.09976500467009,0,1.373434756775237,-1.7158616398380444,0
1880,-1.5200109422759296,0,0.26651952001908563,2,-0.6061651300515916,1.3634937734489843,1
1881,-0.28352008101213405,1,-1.1619013108112075,2,0.7329759698606747,0.5065368974649497,0
1882,1.0257055367965906,1,-0.8643136377215631,1,-0.6935004191763046,0.5150709078481932,1
1883,-1.156337159551284,0,-1.399971449282923,1,0.35452305032025166,-1.4953997049375873,0
1884,-0.5744591071918507,1,-0.20962075692434542,0,-0.16948868442802648,-1.0224732961995102,1
1885,0.4438274844371574,1,0.14748445078322786,1,0.6456406807359617,1.5462638291567825,1
1886,0.8075012671618031,1,-0.8047961031036343,2,-0.7808357083010177,0.7234429947057219,0
1887,1.3893793195212363,1,-1.2809363800470652,0,-0.2568239735527395,0.6850399479811262,0
1888,-0.13805056792227577,1,-0.5072084300139899,1,0.44185833944496467,-1.641189048984664,0
1889,-1.0108676464614255,0,0.6236247277266589,1,0.5291936285696777,-0.9328661871754536,0
1890,-1.5927456988208588,1,-0.9833487069574208,0,-0.4023827887605945,-0.873839282024686,1
1891,-1.229071916096213,1,-0.8047961031036343,0,1.664552387190947,-0.9221986741963991,0
1892,-1.738215211910717,0,0.9212124008163033,2,-0.6352768930931626,0.8393633024114461,0
1893,-1.6654804553657878,0,-0.923831172339492,0,0.20896423511239662,-0.5481245523975592,1
1894,0.734766510616874,0,0.38555458925494335,1,0.5291936285696777,-0.9591793858571209,1
1895,0.007418945167582538,1,-0.7452785684857053,2,-1.5668533104234348,-0.12782454102281693,1
1896,1.4621140760661655,0,-1.5190065185187807,1,0.6456406807359617,-1.7336408281364684,1
1897,0.007418945167582538,0,0.8021773315804456,0,-0.43149455180216556,-1.1540392896078475,1
1898,-0.42898959410199233,0,-0.8643136377215631,1,0.12162894598768359,-1.2023986817795607,0
1899,0.5165622409820866,1,-1.0428662415753498,2,0.09251718294611258,0.8855891919873484,1
1900,-1.5927456988208588,1,1.8139754200852365,0,-0.6352768930931626,0.16090947694358806,0
1901,0.08015370171251168,1,-1.6380415877546386,1,0.7620877329022457,0.26758460673413176,0
1902,1.1711750498864488,0,-0.8047961031036343,0,-0.7517239452594466,-1.4214382816161437,0
1903,0.007418945167582538,1,0.38555458925494335,1,-0.9555062865504437,-0.8987301456424795,0
1904,0.08015370171251168,1,-1.399971449282923,0,-0.37327102571902354,1.251129303402945,1
1905,0.15288845825744082,1,0.44507212387287226,2,-0.19860044746959749,0.0378774939184943,0
1906,0.29835797134729913,1,-0.923831172339492,0,-1.2757356800077249,1.6024460641798022,1
1907,-1.156337159551284,0,0.9212124008163033,0,1.577217098066234,1.2696196592333058,1
1908,0.22562321480237,1,0.7426597969625166,0,1.635440624149376,-0.8617494339817577,0
1909,-1.4472761857310004,1,-1.0428662415753498,1,1.3443229937336658,-0.9342885222393275,1
1910,-0.28352008101213405,0,-0.15010322230641654,1,-0.14037692138645547,-0.1875626137055214,1
1911,-0.8653981333715672,1,-1.2214188454291364,2,-1.683300362589719,-0.22738799549399108,1
1912,1.0257055367965906,1,-0.8643136377215631,0,-1.683300362589719,0.31096582618228624,1
1913,1.4621140760661655,0,-1.2214188454291364,0,1.373434756775237,0.9488831023297376,0
1914,-0.9381328899164963,0,0.14748445078322786,1,-1.2757356800077249,-0.8283245599807206,1
1915,-0.7199286202817089,1,-0.15010322230641654,2,1.664552387190947,-0.21031997472750408,0
1916,-0.7199286202817089,1,1.1592825392880188,2,-1.5377415473818639,-0.7508072989995922,0
1917,1.0984402933415198,0,0.9212124008163033,1,1.4316582828583788,0.8834556893915375,1
1918,0.22562321480237,0,1.2188000739059477,2,0.4709701024865357,0.43399780920737996,0
1919,0.08015370171251168,1,0.26651952001908563,2,-0.11126515834488447,0.8791886841999158,1
1920,-0.6471938637367798,0,1.09976500467009,2,0.29629952423710965,0.4745343585277866,1
1921,-0.8653981333715672,0,-0.031068153070558782,1,1.518993571983092,-0.008348395657407975,0
1922,0.3710927278922283,1,-0.09058568768848767,1,0.5000818655281066,-1.4648195010642981,1
1923,0.3710927278922283,0,-1.399971449282923,0,0.09251718294611258,-1.1227479182026214,1
1924,0.9529707802516615,1,-0.20962075692434542,1,-0.5770533670100206,0.8443414751350048,1
1925,-0.9381328899164963,0,0.5045896584908012,0,1.548105335024663,-0.6057291224844528,0
1926,-1.3745414291860714,0,-0.5072084300139899,0,0.6456406807359617,-0.8269022249168467,1
1927,-1.3745414291860714,1,0.9807299354342321,1,0.5874171546528197,0.33230085214039495,1
1928,0.6620317540719449,0,1.0402474700521611,0,0.5000818655281066,-0.8510819210027033,0
1929,0.8075012671618031,0,-1.5785240531367097,2,1.606328861107805,0.17015465485876852,1
1930,-1.0108676464614255,1,-1.0428662415753498,0,-1.595965073465006,0.6622825869591435,0
1931,-0.3562548375570632,0,-0.6262434992498476,0,-1.1010651017582986,-1.097145887052891,1
1932,-0.8653981333715672,1,0.6236247277266589,1,-1.7415238886728608,0.8898561971789701,0
1933,0.5165622409820866,1,0.56410719310873,1,-0.8972827604673017,-0.5189666835881439,0
1934,0.3710927278922283,0,-0.031068153070558782,2,0.44185833944496467,-1.7443083411155227,1
1935,0.8075012671618031,0,0.6236247277266589,0,0.29629952423710965,-0.5730154160153528,1
1936,-0.9381328899164963,1,-1.5190065185187807,0,-0.4897180778853076,-1.568649960727094,1
1937,-1.5927456988208588,0,-0.44769089539606094,2,-1.595965073465006,-1.1476387818204148,0
1938,-0.9381328899164963,1,0.8616948661983744,1,0.5000818655281066,1.6835191628206154,1
1939,0.3710927278922283,0,1.8139754200852365,2,-1.4504062582571509,-0.038928599530697175,0
1940,-0.06531581137734661,0,1.3973526777597343,2,1.053205363317956,0.7070861414711719,1
1941,-0.42898959410199233,0,-1.2214188454291364,2,0.7911994959438168,-0.18329560851389967,0
1942,0.6620317540719449,0,0.26651952001908563,2,0.8203112589853878,-0.5644814056321092,1
1943,-1.3018066726411421,1,0.08796691616529898,0,0.7911994959438168,-0.10933418519245602,0
1944,1.0257055367965906,0,-0.7452785684857053,0,0.35452305032025166,0.2789632872451231,1
1945,1.0984402933415198,0,0.26651952001908563,0,0.5583053916112487,1.1174298073987967,0
1946,-0.9381328899164963,1,0.9807299354342321,1,-1.0719533387167277,-1.773466209924938,1
1947,-1.6654804553657878,0,0.6831422623445877,2,0.9658700741932428,-0.5744377510792267,0
1948,0.15288845825744082,1,-0.44769089539606094,1,0.29629952423710965,-0.5452798822698114,1
1949,1.1711750498864488,1,0.9212124008163033,1,-0.8390592343841596,-1.3873022400831698,0
1950,-0.3562548375570632,0,1.2188000739059477,2,-1.3630709691324379,0.15948714187971413,0
1951,0.08015370171251168,1,1.4568702123776631,2,-1.0719533387167277,0.1431302886451641,0
1952,1.3893793195212363,0,1.7544578854673076,1,1.198764178525811,-1.5750504685145268,1
1953,0.4438274844371574,1,0.6831422623445877,1,1.548105335024663,1.3457145851505603,0
1954,0.3710927278922283,0,1.8139754200852365,0,-1.5668533104234348,1.2532628059987558,0
1955,0.8802360237067324,0,0.38555458925494335,0,-1.7124121256312899,-0.568748410823731,0
1956,-0.13805056792227577,1,-1.1619013108112075,1,1.3443229937336658,-1.6006524996642573,0
1957,0.007418945167582538,1,0.44507212387287226,0,-0.3441592626774525,-0.6903580587849508,1
1958,-0.3562548375570632,0,0.9807299354342321,2,-0.7808357083010177,0.6288577129581066,1
1959,0.5165622409820866,1,-0.32865582616020317,1,1.315211230692095,-0.019015908636462346,1
1960,0.6620317540719449,0,-1.0428662415753498,2,-0.4023827887605945,-1.5643829555354722,1
1961,-1.3745414291860714,0,0.20700198540115672,2,1.198764178525811,1.0292450334386138,1
1962,-0.8653981333715672,0,1.8139754200852365,1,0.9367583111516717,1.2681973241694318,0
1963,-0.28352008101213405,1,1.2188000739059477,2,1.286099467650524,1.2248161047212773,1
1964,-0.7926633768266381,1,0.028449381547370096,1,0.8785347850685298,1.2610856488500624,1
1965,-1.738215211910717,0,1.8139754200852365,2,0.7620877329022457,1.6799633251609305,1
1966,-0.2107853244672049,0,1.63542281623145,2,-1.3921827321740088,1.2504181358710078,0
1967,-1.6654804553657878,0,0.6831422623445877,2,-0.5770533670100206,-0.6142631328676963,1
1968,-0.42898959410199233,0,0.3260370546370145,1,1.0823171263595268,0.7874480725800481,1
1969,-0.5017243506469216,1,-1.1023837761932787,1,-1.3630709691324379,-1.6938154463479986,1
1970,-0.7926633768266381,0,0.38555458925494335,1,-0.7808357083010177,-0.957757050793247,0
1971,0.8802360237067324,1,-1.1023837761932787,2,-0.6352768930931626,0.1907785132849403,0
1972,-1.5200109422759296,1,-1.6380415877546386,1,1.577217098066234,-1.4882880296182177,1
1973,0.007418945167582538,1,-1.399971449282923,1,-0.3150474996358815,-0.739428618488601,0
1974,1.0984402933415198,0,-0.5667259646319187,1,1.2569877046089528,-0.6277753159744985,1
1975,0.3710927278922283,1,-1.399971449282923,0,-0.05304163226174245,-1.2159108648863628,0
1976,-0.3562548375570632,0,0.08796691616529898,2,-0.9555062865504437,-0.9449560352183818,0
1977,-0.06531581137734661,0,-1.0428662415753498,0,1.635440624149376,0.14241912111322716,0
1978,0.3710927278922283,0,-1.6380415877546386,2,-0.023929869220171446,-1.1248814207984321,0
1979,0.4438274844371574,0,1.516387746995592,2,-0.7226121822178756,0.2483830833718339,1
1980,0.5892969975270157,1,-0.20962075692434542,0,1.1696524154842398,-1.1590174623314062,0
1981,0.8075012671618031,1,1.2783176085238765,1,0.20896423511239662,0.9033683802857724,0
1982,0.9529707802516615,0,-0.8047961031036343,0,-0.8681709974257307,1.4097196630248865,1
1983,0.4438274844371574,0,-1.4594889839008518,1,-1.0137298126335856,1.6607618017986328,0
1984,0.22562321480237,0,0.3260370546370145,0,-0.8972827604673017,-0.7742758275535119,1
1985,1.680318345700953,0,-1.2809363800470652,0,0.44185833944496467,0.9147470607967637,0
1986,0.8075012671618031,1,1.3973526777597343,1,-1.1301768647998698,0.01227546276876381,0
1987,-1.4472761857310004,1,0.8616948661983744,0,1.0823171263595268,0.4254637988241365,0
1988,0.5165622409820866,1,-1.399971449282923,2,1.2569877046089528,-0.9726915689639232,1
1989,-1.0836024030063547,1,-0.031068153070558782,0,-0.6935004191763046,0.48946887669846273,0
1990,-0.8653981333715672,1,0.8616948661983744,1,-0.6643886561347336,1.5398633213693498,0
1991,0.22562321480237,0,-1.399971449282923,0,-1.7415238886728608,1.1913912307202403,0
1992,-1.156337159551284,0,-1.5190065185187807,1,1.577217098066234,1.415409003280382,1
1993,-1.738215211910717,0,-1.2809363800470652,1,1.4316582828583788,-1.6006524996642573,1
1994,0.22562321480237,0,0.6831422623445877,1,0.8785347850685298,0.4475099923141822,0
1995,0.007418945167582538,0,0.3260370546370145,2,0.6747524437775327,-0.772142324957701,0
1996,-1.156337159551284,1,0.38555458925494335,1,1.3443229937336658,0.3166551664377819,0
1997,-1.0836024030063547,0,1.5759052816135208,0,-1.3048474430492958,-0.9997159351775275,1
1998,-1.4472761857310004,1,-1.1619013108112075,0,1.518993571983092,1.0534247295244705,0
1999,-1.156337159551284,1,-1.2214188454291364,0,1.227875941567382,0.6402363934690978,0
2000,1.4621140760661655,0,0.6236247277266589,2,-0.08215339530331346,1.1857018904647447,0
